domain_name,domain_url,status,category,watchlists,price
crypto.crypto,https://unstoppabledomains.com/d/crypto.crypto,For sale by owner,–,4.4K,"$20,000,000"
gold.crypto,https://unstoppabledomains.com/d/gold.crypto,For sale by owner,,2.2K,"$1,000,000"
usa.crypto,https://unstoppabledomains.com/d/usa.crypto,For sale by owner,–,1.6K,"$500,000"
privatejet.crypto,https://unstoppabledomains.com/d/privatejet.crypto,For sale by owner,–,1.1K,"$1,000,000"
poker.crypto,https://unstoppabledomains.com/d/poker.crypto,For sale by owner,,988,"$50,000"
china.crypto,https://unstoppabledomains.com/d/china.crypto,For sale by owner,–,895,"$5,000,000"
ai.crypto,https://unstoppabledomains.com/d/ai.crypto,For sale by owner,–,819,"$1,000,000"
yakamoz.x,https://unstoppabledomains.com/d/yakamoz.x,For sale by owner,–,818,"$100,000"
trumpmeme.x,https://unstoppabledomains.com/d/trumpmeme.x,For sale by owner,–,694,"$20,000,000"
trumpmemes.x,https://unstoppabledomains.com/d/trumpmemes.x,For sale by owner,–,693,"$20,000,000"
donate.crypto,https://unstoppabledomains.com/d/donate.crypto,For sale by owner,,688,"$3,500,000"
gettrumpmeme.x,https://unstoppabledomains.com/d/gettrumpmeme.x,For sale by owner,–,684,"$20,000,000"
tech.crypto,https://unstoppabledomains.com/d/tech.crypto,For sale by owner,–,680,"$3,999"
trumpcrypto.x,https://unstoppabledomains.com/d/trumpcrypto.x,For sale by owner,–,671,"$20,000,000"
zoom.crypto,https://unstoppabledomains.com/d/zoom.crypto,For sale by owner,–,639,"$37,500"
sell.crypto,https://unstoppabledomains.com/d/sell.crypto,For sale by owner,+1,606,"$2,133,377"
alibaba.crypto,https://unstoppabledomains.com/d/alibaba.crypto,For sale by owner,–,562,"$8,000"
we.crypto,https://unstoppabledomains.com/d/we.crypto,For sale by owner,–,556,"$289,000"
420.crypto,https://unstoppabledomains.com/d/420.crypto,For sale by owner,,556,"$4,200"
money.x,https://unstoppabledomains.com/d/money.x,For sale by owner,–,540,"$25,000"
bitcoin.x,https://unstoppabledomains.com/d/bitcoin.x,For sale by owner,–,516,"$20,000,000"
africa.crypto,https://unstoppabledomains.com/d/africa.crypto,For sale by owner,–,503,"$99,999"
rent.crypto,https://unstoppabledomains.com/d/rent.crypto,For sale by owner,–,489,"$4,231,000"
trumptoken.x,https://unstoppabledomains.com/d/trumptoken.x,For sale by owner,–,484,"$20,000,000"
trumpcoins.x,https://unstoppabledomains.com/d/trumpcoins.x,For sale by owner,–,473,"$20,000,000"
officialmelania.x,https://unstoppabledomains.com/d/officialmelania.x,For sale by owner,–,470,"$12,580,900"
melaniacrypto.x,https://unstoppabledomains.com/d/melaniacrypto.x,For sale by owner,–,466,"$14,580,500"
melaniatoken.x,https://unstoppabledomains.com/d/melaniatoken.x,For sale by owner,–,464,"$14,580,500"
blondeteens.x,https://unstoppabledomains.com/d/blondeteens.x,For sale by owner,–,461,"$20,000,000"
my.x,https://unstoppabledomains.com/d/my.x,For sale by owner,–,449,"$2,000"
eurogirls.x,https://unstoppabledomains.com/d/eurogirls.x,For sale by owner,–,436,"$20,000,000"
anime.crypto,https://unstoppabledomains.com/d/anime.crypto,For sale by owner,,434,"$59,000"
hello.crypto,https://unstoppabledomains.com/d/hello.crypto,For sale by owner,+1,420,"$8,000"
auto.crypto,https://unstoppabledomains.com/d/auto.crypto,For sale by owner,,417,"$1,600"
cat.crypto,https://unstoppabledomains.com/d/cat.crypto,For sale by owner,+2,408,"$100,000"
euroteens.x,https://unstoppabledomains.com/d/euroteens.x,For sale by owner,–,405,"$20,000,000"
dollar.x,https://unstoppabledomains.com/d/dollar.x,For sale by owner,,402,"$10,000"
free.x,https://unstoppabledomains.com/d/free.x,For sale by owner,+1,402,"$299,999"
chatgpt7.x,https://unstoppabledomains.com/d/chatgpt7.x,For sale by owner,–,401,$100
throated.x,https://unstoppabledomains.com/d/throated.x,For sale by owner,–,400,"$20,000,000"
insurance.x,https://unstoppabledomains.com/d/insurance.x,For sale by owner,,399,"$1,474,747"
fle.x,https://unstoppabledomains.com/d/fle.x,For sale by owner,–,397,$888
fitness.x,https://unstoppabledomains.com/d/fitness.x,For sale by owner,,396,"$250,000"
live.x,https://unstoppabledomains.com/d/live.x,For sale by owner,+1,395,"$1,000,000"
gaming.x,https://unstoppabledomains.com/d/gaming.x,For sale by owner,,394,"$49,999"
player.x,https://unstoppabledomains.com/d/player.x,For sale by owner,,393,"$1,000"
domains.crypto,https://unstoppabledomains.com/d/domains.crypto,For sale by owner,–,393,"$100,000"
clothes.x,https://unstoppabledomains.com/d/clothes.x,For sale by owner,–,393,"$9,999"
government.x,https://unstoppabledomains.com/d/government.x,For sale by owner,–,389,"$33,000"
marketplace.crypto,https://unstoppabledomains.com/d/marketplace.crypto,For sale by owner,,389,"$12,500"
american.x,https://unstoppabledomains.com/d/american.x,For sale by owner,,383,"$1,500"
ali.x,https://unstoppabledomains.com/d/ali.x,For sale by owner,–,379,"$3,700"
singh.x,https://unstoppabledomains.com/d/singh.x,For sale by owner,,379,"$150,000"
metadata.x,https://unstoppabledomains.com/d/metadata.x,For sale by owner,–,378,"$5,000,000"
singapore.x,https://unstoppabledomains.com/d/singapore.x,For sale by owner,–,378,"$14,999"
developer.x,https://unstoppabledomains.com/d/developer.x,For sale by owner,,377,$799
england.x,https://unstoppabledomains.com/d/england.x,For sale by owner,,377,"$250,000"
what.x,https://unstoppabledomains.com/d/what.x,For sale by owner,,376,"$1,500"
dm.x,https://unstoppabledomains.com/d/dm.x,For sale by owner,–,376,"$10,000"
mind.x,https://unstoppabledomains.com/d/mind.x,For sale by owner,+2,376,"$50,000"
com.x,https://unstoppabledomains.com/d/com.x,For sale by owner,–,375,"$25,000"
hacker.x,https://unstoppabledomains.com/d/hacker.x,For sale by owner,–,373,"$2,500"
truth.x,https://unstoppabledomains.com/d/truth.x,For sale by owner,+1,373,"$2,499"
weapon.x,https://unstoppabledomains.com/d/weapon.x,For sale by owner,,373,"$50,000"
arab.x,https://unstoppabledomains.com/d/arab.x,For sale by owner,,373,"$25,000"
dropshipping.x,https://unstoppabledomains.com/d/dropshipping.x,For sale by owner,–,372,"$25,000"
master.x,https://unstoppabledomains.com/d/master.x,For sale by owner,+1,372,"$10,000"
hulk.x,https://unstoppabledomains.com/d/hulk.x,For sale by owner,–,371,"$2,000"
mi.x,https://unstoppabledomains.com/d/mi.x,For sale by owner,–,371,"$19,000"
super.x,https://unstoppabledomains.com/d/super.x,For sale by owner,–,371,"$50,000"
style.x,https://unstoppabledomains.com/d/style.x,For sale by owner,+2,371,"$3,000,000"
original.x,https://unstoppabledomains.com/d/original.x,For sale by owner,,371,"$1,000,000"
marketplace.x,https://unstoppabledomains.com/d/marketplace.x,For sale by owner,,371,"$9,500"
boring.x,https://unstoppabledomains.com/d/boring.x,For sale by owner,–,370,"$10,000,000"
call.x,https://unstoppabledomains.com/d/call.x,For sale by owner,+2,368,"$250,000"
fame.x,https://unstoppabledomains.com/d/fame.x,For sale by owner,,368,"$4,999"
orange.crypto,https://unstoppabledomains.com/d/orange.crypto,For sale by owner,–,368,"$33,000"
eclipse.x,https://unstoppabledomains.com/d/eclipse.x,For sale by owner,,367,"$100,000"
machine.x,https://unstoppabledomains.com/d/machine.x,For sale by owner,+1,367,"$9,000"
shoe.x,https://unstoppabledomains.com/d/shoe.x,For sale by owner,+1,365,"$664,000"
gang.x,https://unstoppabledomains.com/d/gang.x,For sale by owner,+1,365,"$3,999"
si.x,https://unstoppabledomains.com/d/si.x,For sale by owner,–,361,"$6,000"
halal.x,https://unstoppabledomains.com/d/halal.x,For sale by owner,–,360,"$35,000"
information.x,https://unstoppabledomains.com/d/information.x,For sale by owner,,360,"$14,900"
token.x,https://unstoppabledomains.com/d/token.x,For sale by owner,,358,"$5,000"
dot.crypto,https://unstoppabledomains.com/d/dot.crypto,For sale by owner,+1,348,"$4,999"
ayahuasca.x,https://unstoppabledomains.com/d/ayahuasca.x,For sale by owner,–,346,"$85,888"
5.x,https://unstoppabledomains.com/d/5.x,For sale by owner,–,336,"$8,000"
fi.x,https://unstoppabledomains.com/d/fi.x,For sale by owner,–,333,"$2,000,000"
sultan.x,https://unstoppabledomains.com/d/sultan.x,For sale by owner,,331,"$50,000"
slots.crypto,https://unstoppabledomains.com/d/slots.crypto,For sale by owner,,326,"$50,000"
homesforsale.x,https://unstoppabledomains.com/d/homesforsale.x,For sale by owner,–,323,"$5,000"
diamonds.crypto,https://unstoppabledomains.com/d/diamonds.crypto,For sale by owner,–,321,"$100,000"
blue.crypto,https://unstoppabledomains.com/d/blue.crypto,For sale by owner,–,321,"$47,000"
dubai.crypto,https://unstoppabledomains.com/d/dubai.crypto,For sale by owner,,317,"$5,000,000"
69.crypto,https://unstoppabledomains.com/d/69.crypto,For sale by owner,–,316,"$3,000,000"
insurance.crypto,https://unstoppabledomains.com/d/insurance.crypto,For sale by owner,,298,"$2,548,989"
dream.crypto,https://unstoppabledomains.com/d/dream.crypto,For sale by owner,+2,252,"$1,500"
real-estate.crypto,https://unstoppabledomains.com/d/real-estate.crypto,For sale by owner,–,229,"$2,500"
mint.crypto,https://unstoppabledomains.com/d/mint.crypto,For sale by owner,+1,227,"$4,999"
legal.crypto,https://unstoppabledomains.com/d/legal.crypto,For sale by owner,–,222,"$20,000,000"
republican.crypto,https://unstoppabledomains.com/d/republican.crypto,For sale by owner,,221,"$10,000,000"
tokyo.crypto,https://unstoppabledomains.com/d/tokyo.crypto,For sale by owner,,219,"$19,900"
crypto.wallet,https://unstoppabledomains.com/d/crypto.wallet,For sale by owner,–,210,"$1,500,000"
asia.crypto,https://unstoppabledomains.com/d/asia.crypto,For sale by owner,,188,"$99,999"
ali.crypto,https://unstoppabledomains.com/d/ali.crypto,For sale by owner,–,180,"$110,000"
x.x,https://unstoppabledomains.com/d/x.x,For sale by owner,–,174,"$49,654"
smoke.crypto,https://unstoppabledomains.com/d/smoke.crypto,For sale by owner,+1,172,"$4,999"
connect.crypto,https://unstoppabledomains.com/d/connect.crypto,For sale by owner,–,170,"$2,999"
iran.crypto,https://unstoppabledomains.com/d/iran.crypto,For sale by owner,,168,"$110,000"
eco.crypto,https://unstoppabledomains.com/d/eco.crypto,For sale by owner,,163,"$19,000"
music.nft,https://unstoppabledomains.com/d/music.nft,For sale by owner,+1,163,"$1,500,000"
dinero.crypto,https://unstoppabledomains.com/d/dinero.crypto,For sale by owner,–,162,"$800,000"
flash.crypto,https://unstoppabledomains.com/d/flash.crypto,For sale by owner,+2,157,"$3,999"
website.crypto,https://unstoppabledomains.com/d/website.crypto,For sale by owner,–,149,"$1,649,489"
e.crypto,https://unstoppabledomains.com/d/e.crypto,For sale by owner,–,140,"$20,000,000"
hex.crypto,https://unstoppabledomains.com/d/hex.crypto,For sale by owner,,138,"$20,000,000"
pro.x,https://unstoppabledomains.com/d/pro.x,For sale by owner,,132,"$1,500"
adult.crypto,https://unstoppabledomains.com/d/adult.crypto,For sale by owner,,132,"$3,999"
information.crypto,https://unstoppabledomains.com/d/information.crypto,For sale by owner,,131,"$14,900"
money.wallet,https://unstoppabledomains.com/d/money.wallet,For sale by owner,–,128,"$9,999"
ads.crypto,https://unstoppabledomains.com/d/ads.crypto,For sale by owner,–,128,"$16,500,000"
more.crypto,https://unstoppabledomains.com/d/more.crypto,For sale by owner,,127,"$1,500"
bookings.crypto,https://unstoppabledomains.com/d/bookings.crypto,For sale by owner,–,126,"$5,000,000"
d.crypto,https://unstoppabledomains.com/d/d.crypto,For sale by owner,–,123,"$18,500,000"
astrology.crypto,https://unstoppabledomains.com/d/astrology.crypto,For sale by owner,,119,"$1,777"
247.crypto,https://unstoppabledomains.com/d/247.crypto,For sale by owner,,119,"$4,747"
lawyers.crypto,https://unstoppabledomains.com/d/lawyers.crypto,For sale by owner,–,117,"$20,000,000"
bikes.crypto,https://unstoppabledomains.com/d/bikes.crypto,For sale by owner,,117,"$3,999"
wallet.wallet,https://unstoppabledomains.com/d/wallet.wallet,For sale by owner,,114,"$1,000,000"
singh.crypto,https://unstoppabledomains.com/d/singh.crypto,For sale by owner,,113,"$50,000"
drug.crypto,https://unstoppabledomains.com/d/drug.crypto,For sale by owner,+1,113,"$3,999"
cryptonews.crypto,https://unstoppabledomains.com/d/cryptonews.crypto,For sale by owner,–,113,$500
sats.crypto,https://unstoppabledomains.com/d/sats.crypto,For sale by owner,–,111,"$3,000,000"
victoria.crypto,https://unstoppabledomains.com/d/victoria.crypto,For sale by owner,–,108,"$10,000"
price.crypto,https://unstoppabledomains.com/d/price.crypto,For sale by owner,+2,107,"$90,000"
darknet.crypto,https://unstoppabledomains.com/d/darknet.crypto,For sale by owner,–,106,"$1,000,000"
scotland.crypto,https://unstoppabledomains.com/d/scotland.crypto,For sale by owner,–,94,"$65,000"
free.crypto,https://unstoppabledomains.com/d/free.crypto,For sale by owner,+1,94,"$299,000"
gain.crypto,https://unstoppabledomains.com/d/gain.crypto,For sale by owner,+2,92,"$1,999"
billion.crypto,https://unstoppabledomains.com/d/billion.crypto,For sale by owner,,90,"$1,500,000"
sold.crypto,https://unstoppabledomains.com/d/sold.crypto,For sale by owner,,90,"$1,000,000"
starship.crypto,https://unstoppabledomains.com/d/starship.crypto,For sale by owner,–,89,"$1,000,000"
halal.crypto,https://unstoppabledomains.com/d/halal.crypto,For sale by owner,–,88,"$3,000,000"
money.nft,https://unstoppabledomains.com/d/money.nft,For sale by owner,–,87,"$146,166"
dmv.crypto,https://unstoppabledomains.com/d/dmv.crypto,For sale by owner,–,85,"$4,999"
style.crypto,https://unstoppabledomains.com/d/style.crypto,For sale by owner,+2,83,"$3,999"
bounty.crypto,https://unstoppabledomains.com/d/bounty.crypto,For sale by owner,–,82,"$10,000"
patel.crypto,https://unstoppabledomains.com/d/patel.crypto,For sale by owner,,82,"$888,888"
gin.crypto,https://unstoppabledomains.com/d/gin.crypto,For sale by owner,,80,"$19,999"
coffeeshop.crypto,https://unstoppabledomains.com/d/coffeeshop.crypto,For sale by owner,–,80,"$1,000,000"
369.crypto,https://unstoppabledomains.com/d/369.crypto,For sale by owner,,78,"$3,690"
buzz.crypto,https://unstoppabledomains.com/d/buzz.crypto,For sale by owner,+1,76,"$24,900"
cold.crypto,https://unstoppabledomains.com/d/cold.crypto,For sale by owner,+1,75,"$119,000"
cosmic.crypto,https://unstoppabledomains.com/d/cosmic.crypto,For sale by owner,–,74,"$99,500"
visionary.x,https://unstoppabledomains.com/d/visionary.x,For sale by owner,–,74,"$8,888"
alchemist.crypto,https://unstoppabledomains.com/d/alchemist.crypto,For sale by owner,–,74,"$1,888"
emoji.crypto,https://unstoppabledomains.com/d/emoji.crypto,For sale by owner,,73,"$19,600"
extra.crypto,https://unstoppabledomains.com/d/extra.crypto,For sale by owner,,72,"$150,000"
join.crypto,https://unstoppabledomains.com/d/join.crypto,For sale by owner,+1,71,"$1,000"
taurus.crypto,https://unstoppabledomains.com/d/taurus.crypto,For sale by owner,–,69,"$5,500"
yo.crypto,https://unstoppabledomains.com/d/yo.crypto,For sale by owner,–,68,"$8,000"
simply.crypto,https://unstoppabledomains.com/d/simply.crypto,For sale by owner,,67,"$5,000"
vw.crypto,https://unstoppabledomains.com/d/vw.crypto,For sale by owner,–,66,"$100,000"
state.crypto,https://unstoppabledomains.com/d/state.crypto,For sale by owner,+2,66,"$5,000,000"
send.crypto,https://unstoppabledomains.com/d/send.crypto,For sale by owner,+1,66,"$299,000"
advice.crypto,https://unstoppabledomains.com/d/advice.crypto,For sale by owner,,62,"$1,000,000"
khan.crypto,https://unstoppabledomains.com/d/khan.crypto,For sale by owner,,62,"$50,000"
7.crypto,https://unstoppabledomains.com/d/7.crypto,For sale by owner,–,62,"$7,777,777"
multiverse.x,https://unstoppabledomains.com/d/multiverse.x,For sale by owner,–,61,"$100,000"
lease.crypto,https://unstoppabledomains.com/d/lease.crypto,For sale by owner,–,61,"$300,000"
r.crypto,https://unstoppabledomains.com/d/r.crypto,For sale by owner,–,60,"$9,999"
promo.crypto,https://unstoppabledomains.com/d/promo.crypto,For sale by owner,,59,"$10,000,000"
byte.crypto,https://unstoppabledomains.com/d/byte.crypto,For sale by owner,,59,"$9,900"
what.crypto,https://unstoppabledomains.com/d/what.crypto,For sale by owner,,59,$999
industry.crypto,https://unstoppabledomains.com/d/industry.crypto,For sale by owner,,59,"$20,000"
dice.crypto,https://unstoppabledomains.com/d/dice.crypto,For sale by owner,,58,"$25,000"
lunapad.crypto,https://unstoppabledomains.com/d/lunapad.crypto,For sale by owner,–,57,$100
jewellery.crypto,https://unstoppabledomains.com/d/jewellery.crypto,For sale by owner,,57,"$4,999"
hotel.x,https://unstoppabledomains.com/d/hotel.x,For sale by owner,+1,56,"$300,000"
binary.crypto,https://unstoppabledomains.com/d/binary.crypto,For sale by owner,,55,$800
offer.crypto,https://unstoppabledomains.com/d/offer.crypto,For sale by owner,+2,55,"$2,140,836"
n.crypto,https://unstoppabledomains.com/d/n.crypto,For sale by owner,–,55,"$19,200,000"
fee.crypto,https://unstoppabledomains.com/d/fee.crypto,For sale by owner,+1,55,"$65,000"
gate.crypto,https://unstoppabledomains.com/d/gate.crypto,For sale by owner,+1,54,"$24,900"
plus.crypto,https://unstoppabledomains.com/d/plus.crypto,For sale by owner,,54,$699
eclipse.crypto,https://unstoppabledomains.com/d/eclipse.crypto,For sale by owner,,53,"$100,000"
covid.x,https://unstoppabledomains.com/d/covid.x,For sale by owner,–,52,"$1,000,000"
dm.crypto,https://unstoppabledomains.com/d/dm.crypto,For sale by owner,–,52,"$47,000"
geneva.crypto,https://unstoppabledomains.com/d/geneva.crypto,For sale by owner,–,52,"$125,000"
always.crypto,https://unstoppabledomains.com/d/always.crypto,For sale by owner,,52,"$1,999"
our.crypto,https://unstoppabledomains.com/d/our.crypto,For sale by owner,–,51,"$450,000"
jesus.wallet,https://unstoppabledomains.com/d/jesus.wallet,For sale by owner,,51,"$100,000"
bazar.crypto,https://unstoppabledomains.com/d/bazar.crypto,For sale by owner,–,51,"$100,000"
in.crypto,https://unstoppabledomains.com/d/in.crypto,For sale by owner,–,51,"$250,000"
wef.crypto,https://unstoppabledomains.com/d/wef.crypto,For sale by owner,–,50,"$8,888"
cc.crypto,https://unstoppabledomains.com/d/cc.crypto,For sale by owner,–,49,"$450,000"
voting.crypto,https://unstoppabledomains.com/d/voting.crypto,For sale by owner,,49,"$10,000,000"
sending.crypto,https://unstoppabledomains.com/d/sending.crypto,For sale by owner,,49,"$8,888"
greg.crypto,https://unstoppabledomains.com/d/greg.crypto,For sale by owner,,48,"$50,000"
silver.x,https://unstoppabledomains.com/d/silver.x,For sale by owner,,47,"$300,000"
ee.crypto,https://unstoppabledomains.com/d/ee.crypto,For sale by owner,–,46,"$29,999"
jamie.crypto,https://unstoppabledomains.com/d/jamie.crypto,For sale by owner,,46,"$1,000"
bourse.crypto,https://unstoppabledomains.com/d/bourse.crypto,For sale by owner,–,45,"$10,000"
dog.x,https://unstoppabledomains.com/d/dog.x,For sale by owner,+2,44,"$8,888"
insurance.wallet,https://unstoppabledomains.com/d/insurance.wallet,For sale by owner,,44,"$350,000"
australia.crypto,https://unstoppabledomains.com/d/australia.crypto,For sale by owner,–,43,"$300,000"
holdings.crypto,https://unstoppabledomains.com/d/holdings.crypto,For sale by owner,–,42,"$8,888"
margin.crypto,https://unstoppabledomains.com/d/margin.crypto,For sale by owner,,42,$750
gm.nft,https://unstoppabledomains.com/d/gm.nft,For sale by owner,–,42,"$88,888"
doge.wallet,https://unstoppabledomains.com/d/doge.wallet,For sale by owner,–,41,"$5,000"
rally.crypto,https://unstoppabledomains.com/d/rally.crypto,For sale by owner,+1,41,"$2,000"
push.crypto,https://unstoppabledomains.com/d/push.crypto,For sale by owner,+2,40,"$1,000"
mumbai.crypto,https://unstoppabledomains.com/d/mumbai.crypto,For sale by owner,–,39,"$10,000"
pay.wallet,https://unstoppabledomains.com/d/pay.wallet,For sale by owner,+2,38,"$1,500,000"
golf.crypto,https://unstoppabledomains.com/d/golf.crypto,For sale by owner,+1,38,"$300,000"
cryptospace.crypto,https://unstoppabledomains.com/d/cryptospace.crypto,For sale by owner,–,37,"$10,000"
blackdiamond.crypto,https://unstoppabledomains.com/d/blackdiamond.crypto,For sale by owner,–,37,"$5,000"
hotel.nft,https://unstoppabledomains.com/d/hotel.nft,For sale by owner,+1,37,"$900,000"
business.wallet,https://unstoppabledomains.com/d/business.wallet,For sale by owner,–,37,"$14,999"
meme.nft,https://unstoppabledomains.com/d/meme.nft,For sale by owner,,37,"$2,402,000"
business.nft,https://unstoppabledomains.com/d/business.nft,For sale by owner,–,36,"$19,999"
immo.crypto,https://unstoppabledomains.com/d/immo.crypto,For sale by owner,–,35,"$7,500"
kebab.crypto,https://unstoppabledomains.com/d/kebab.crypto,For sale by owner,,34,"$1,000,000"
recover.crypto,https://unstoppabledomains.com/d/recover.crypto,For sale by owner,,34,"$850,000"
5.crypto,https://unstoppabledomains.com/d/5.crypto,For sale by owner,–,34,"$6,999"
free.nft,https://unstoppabledomains.com/d/free.nft,For sale by owner,+1,34,"$299,000"
golf.x,https://unstoppabledomains.com/d/golf.x,For sale by owner,+1,34,"$300,000"
cat.x,https://unstoppabledomains.com/d/cat.x,For sale by owner,+2,33,"$3,888"
loans.nft,https://unstoppabledomains.com/d/loans.nft,For sale by owner,,33,"$4,999"
the.wallet,https://unstoppabledomains.com/d/the.wallet,For sale by owner,,33,"$5,000"
guns.crypto,https://unstoppabledomains.com/d/guns.crypto,For sale by owner,,33,"$300,000"
soccer.crypto,https://unstoppabledomains.com/d/soccer.crypto,For sale by owner,,33,"$300,000"
site.crypto,https://unstoppabledomains.com/d/site.crypto,For sale by owner,+2,32,"$14,900"
basf.crypto,https://unstoppabledomains.com/d/basf.crypto,For sale by owner,–,32,"$8,000,000"
movie.x,https://unstoppabledomains.com/d/movie.x,For sale by owner,+1,32,"$50,000"
loans.wallet,https://unstoppabledomains.com/d/loans.wallet,For sale by owner,,32,"$2,999"
geneve.crypto,https://unstoppabledomains.com/d/geneve.crypto,For sale by owner,–,32,"$125,000"
theater.crypto,https://unstoppabledomains.com/d/theater.crypto,For sale by owner,,31,"$10,000,000"
choose.crypto,https://unstoppabledomains.com/d/choose.crypto,For sale by owner,,31,$800
books.x,https://unstoppabledomains.com/d/books.x,For sale by owner,,31,"$30,000"
free.wallet,https://unstoppabledomains.com/d/free.wallet,For sale by owner,+1,31,"$299,000"
goku.crypto,https://unstoppabledomains.com/d/goku.crypto,For sale by owner,–,31,"$12,000"
stockexchange.crypto,https://unstoppabledomains.com/d/stockexchange.crypto,For sale by owner,–,30,"$4,000"
maradona.nft,https://unstoppabledomains.com/d/maradona.nft,For sale by owner,–,30,"$100,000"
dollar.wallet,https://unstoppabledomains.com/d/dollar.wallet,For sale by owner,,30,"$9,500"
food.wallet,https://unstoppabledomains.com/d/food.wallet,For sale by owner,–,29,"$900,000"
420.nft,https://unstoppabledomains.com/d/420.nft,For sale by owner,,29,"$2,500"
pretty.crypto,https://unstoppabledomains.com/d/pretty.crypto,For sale by owner,,28,"$14,900"
guns.x,https://unstoppabledomains.com/d/guns.x,For sale by owner,,28,"$300,000"
poke.crypto,https://unstoppabledomains.com/d/poke.crypto,For sale by owner,,28,"$20,000"
safe.wallet,https://unstoppabledomains.com/d/safe.wallet,For sale by owner,+1,27,"$125,000"
viva.crypto,https://unstoppabledomains.com/d/viva.crypto,For sale by owner,,27,"$2,999"
bible.nft,https://unstoppabledomains.com/d/bible.nft,For sale by owner,,26,"$60,000"
jazz.nft,https://unstoppabledomains.com/d/jazz.nft,For sale by owner,+1,26,"$1,299"
kardashian.x,https://unstoppabledomains.com/d/kardashian.x,For sale by owner,–,26,"$15,000,000"
hotel.wallet,https://unstoppabledomains.com/d/hotel.wallet,For sale by owner,+1,25,"$900,000"
cairo.crypto,https://unstoppabledomains.com/d/cairo.crypto,For sale by owner,,25,"$19,000"
chess.crypto,https://unstoppabledomains.com/d/chess.crypto,For sale by owner,,25,"$100,000"
east.crypto,https://unstoppabledomains.com/d/east.crypto,For sale by owner,+1,24,"$2,000,000"
renewal.crypto,https://unstoppabledomains.com/d/renewal.crypto,For sale by owner,–,24,"$20,000"
20.crypto,https://unstoppabledomains.com/d/20.crypto,For sale by owner,–,24,"$25,000"
hexagon.crypto,https://unstoppabledomains.com/d/hexagon.crypto,For sale by owner,,23,"$10,000"
us.x,https://unstoppabledomains.com/d/us.x,For sale by owner,–,23,"$2,999"
hash.x,https://unstoppabledomains.com/d/hash.x,For sale by owner,+1,23,"$50,000"
lausanne.crypto,https://unstoppabledomains.com/d/lausanne.crypto,For sale by owner,–,23,"$5,500"
design.x,https://unstoppabledomains.com/d/design.x,For sale by owner,+1,22,"$75,000"
stevejobs.crypto,https://unstoppabledomains.com/d/stevejobs.crypto,For sale by owner,–,22,"$999,999"
oil.crypto,https://unstoppabledomains.com/d/oil.crypto,For sale by owner,+2,22,"$5,000,000"
find.nft,https://unstoppabledomains.com/d/find.nft,For sale by owner,+1,21,"$50,000"
allabout.crypto,https://unstoppabledomains.com/d/allabout.crypto,For sale by owner,–,21,"$20,000,000"
cobra.x,https://unstoppabledomains.com/d/cobra.x,For sale by owner,,21,$999
thy.crypto,https://unstoppabledomains.com/d/thy.crypto,For sale by owner,,21,"$79,199"
uae.crypto,https://unstoppabledomains.com/d/uae.crypto,For sale by owner,–,21,"$250,000"
earn.wallet,https://unstoppabledomains.com/d/earn.wallet,For sale by owner,,21,"$3,499"
b.crypto,https://unstoppabledomains.com/d/b.crypto,For sale by owner,–,21,"$1,500,000"
smartshop.crypto,https://unstoppabledomains.com/d/smartshop.crypto,For sale by owner,–,21,"$2,999"
gather.crypto,https://unstoppabledomains.com/d/gather.crypto,For sale by owner,+1,20,$500
lima.crypto,https://unstoppabledomains.com/d/lima.crypto,For sale by owner,,20,"$50,000"
creed.crypto,https://unstoppabledomains.com/d/creed.crypto,For sale by owner,,20,"$4,000,000"
gentleman.crypto,https://unstoppabledomains.com/d/gentleman.crypto,For sale by owner,,20,"$2,000"
democratic.crypto,https://unstoppabledomains.com/d/democratic.crypto,For sale by owner,,20,$100
webinar.crypto,https://unstoppabledomains.com/d/webinar.crypto,For sale by owner,,20,"$6,888"
nigeria.x,https://unstoppabledomains.com/d/nigeria.x,For sale by owner,–,20,"$47,000"
american.nft,https://unstoppabledomains.com/d/american.nft,For sale by owner,,20,"$25,000"
hotels.wallet,https://unstoppabledomains.com/d/hotels.wallet,For sale by owner,–,20,"$4,999"
cold.wallet,https://unstoppabledomains.com/d/cold.wallet,For sale by owner,+1,20,"$5,000,000"
author.crypto,https://unstoppabledomains.com/d/author.crypto,For sale by owner,+1,20,"$18,555,555"
moneda.crypto,https://unstoppabledomains.com/d/moneda.crypto,For sale by owner,–,19,"$21,000"
rnb.crypto,https://unstoppabledomains.com/d/rnb.crypto,For sale by owner,–,19,"$1,000,000"
topdog.crypto,https://unstoppabledomains.com/d/topdog.crypto,For sale by owner,–,19,"$10,000"
dubai.wallet,https://unstoppabledomains.com/d/dubai.wallet,For sale by owner,,19,"$250,000"
israel.wallet,https://unstoppabledomains.com/d/israel.wallet,For sale by owner,–,19,"$100,000"
cars.wallet,https://unstoppabledomains.com/d/cars.wallet,For sale by owner,–,19,"$200,000"
singh.wallet,https://unstoppabledomains.com/d/singh.wallet,For sale by owner,,18,"$25,000"
dubai.nft,https://unstoppabledomains.com/d/dubai.nft,For sale by owner,,18,"$4,999"
macron.crypto,https://unstoppabledomains.com/d/macron.crypto,For sale by owner,–,18,"$1,000,000"
sportbet.crypto,https://unstoppabledomains.com/d/sportbet.crypto,For sale by owner,–,18,"$8,000,000"
0x1000.nft,https://unstoppabledomains.com/d/0x1000.nft,For sale by owner,–,18,$100
leon.x,https://unstoppabledomains.com/d/leon.x,For sale by owner,,18,"$10,000"
extra.x,https://unstoppabledomains.com/d/extra.x,For sale by owner,,18,"$250,000"
forum.nft,https://unstoppabledomains.com/d/forum.nft,For sale by owner,,18,"$3,888"
alien.nft,https://unstoppabledomains.com/d/alien.nft,For sale by owner,+1,18,"$5,000"
fund.wallet,https://unstoppabledomains.com/d/fund.wallet,For sale by owner,+2,18,"$4,999"
britcoin.wallet,https://unstoppabledomains.com/d/britcoin.wallet,For sale by owner,–,17,"$2,500"
dortmund.crypto,https://unstoppabledomains.com/d/dortmund.crypto,For sale by owner,–,17,$399
go.wallet,https://unstoppabledomains.com/d/go.wallet,For sale by owner,–,17,"$10,000"
zoom.nft,https://unstoppabledomains.com/d/zoom.nft,For sale by owner,–,17,"$47,000"
healthcare.x,https://unstoppabledomains.com/d/healthcare.x,For sale by owner,–,16,"$50,000"
ford.x,https://unstoppabledomains.com/d/ford.x,For sale by owner,–,16,$999
bogo.crypto,https://unstoppabledomains.com/d/bogo.crypto,For sale by owner,–,16,"$8,888"
lawyer.nft,https://unstoppabledomains.com/d/lawyer.nft,For sale by owner,,16,"$4,750"
forever.nft,https://unstoppabledomains.com/d/forever.nft,For sale by owner,,16,"$1,399"
007.x,https://unstoppabledomains.com/d/007.x,For sale by owner,,16,"$20,000"
museum.nft,https://unstoppabledomains.com/d/museum.nft,For sale by owner,,16,"$20,000"
when.crypto,https://unstoppabledomains.com/d/when.crypto,For sale by owner,,16,"$200,000"
groningen.crypto,https://unstoppabledomains.com/d/groningen.crypto,For sale by owner,–,16,"$2,000,000"
prepay.crypto,https://unstoppabledomains.com/d/prepay.crypto,For sale by owner,,15,"$2,000"
bnb.wallet,https://unstoppabledomains.com/d/bnb.wallet,For sale by owner,–,15,"$2,000"
nelk.crypto,https://unstoppabledomains.com/d/nelk.crypto,For sale by owner,–,15,"$100,000"
xmoney.x,https://unstoppabledomains.com/d/xmoney.x,For sale by owner,–,15,"$47,000"
aerospace.x,https://unstoppabledomains.com/d/aerospace.x,For sale by owner,–,15,"$100,000"
israel.x,https://unstoppabledomains.com/d/israel.x,For sale by owner,–,15,"$300,000"
israel.nft,https://unstoppabledomains.com/d/israel.nft,For sale by owner,–,15,"$100,000"
rebase.crypto,https://unstoppabledomains.com/d/rebase.crypto,For sale by owner,–,15,"$8,888"
eco.x,https://unstoppabledomains.com/d/eco.x,For sale by owner,,14,"$5,000"
frictionless.crypto,https://unstoppabledomains.com/d/frictionless.crypto,For sale by owner,–,14,"$1,000"
faithful.crypto,https://unstoppabledomains.com/d/faithful.crypto,For sale by owner,,14,$99
ralphs.crypto,https://unstoppabledomains.com/d/ralphs.crypto,For sale by owner,–,14,"$2,750"
mj.nft,https://unstoppabledomains.com/d/mj.nft,For sale by owner,–,14,"$230,000"
masterwork.nft,https://unstoppabledomains.com/d/masterwork.nft,For sale by owner,–,14,"$3,888"
desire.x,https://unstoppabledomains.com/d/desire.x,For sale by owner,+1,14,"$500,000"
alibaba.wallet,https://unstoppabledomains.com/d/alibaba.wallet,For sale by owner,–,14,"$5,000"
gas.x,https://unstoppabledomains.com/d/gas.x,For sale by owner,+2,14,"$3,000"
fake.x,https://unstoppabledomains.com/d/fake.x,For sale by owner,,14,"$10,000"
open.wallet,https://unstoppabledomains.com/d/open.wallet,For sale by owner,+1,14,"$10,000"
canada.nft,https://unstoppabledomains.com/d/canada.nft,For sale by owner,–,14,"$27,000"
openbet.crypto,https://unstoppabledomains.com/d/openbet.crypto,For sale by owner,–,14,"$8,888"
graz.crypto,https://unstoppabledomains.com/d/graz.crypto,For sale by owner,–,14,"$4,888"
japan.x,https://unstoppabledomains.com/d/japan.x,For sale by owner,–,13,"$250,000"
13.x,https://unstoppabledomains.com/d/13.x,For sale by owner,–,13,"$4,900"
safepal.crypto,https://unstoppabledomains.com/d/safepal.crypto,For sale by owner,–,13,"$100,000"
solana.nft,https://unstoppabledomains.com/d/solana.nft,For sale by owner,–,13,"$10,000"
ada.wallet,https://unstoppabledomains.com/d/ada.wallet,For sale by owner,–,13,$600
examiner.io,https://unstoppabledomains.com/d/examiner.io,For sale by owner,–,13,"$7,888"
usdeliveries.com,https://unstoppabledomains.com/d/usdeliveries.com,For sale by owner,–,13,"$8,888"
997.crypto,https://unstoppabledomains.com/d/997.crypto,For sale by owner,,13,$799
beeline.crypto,https://unstoppabledomains.com/d/beeline.crypto,For sale by owner,–,13,"$1,000"
madilynbailey.crypto,https://unstoppabledomains.com/d/madilynbailey.crypto,For sale by owner,–,13,"$1,000,000"
madilynbailey.nft,https://unstoppabledomains.com/d/madilynbailey.nft,For sale by owner,–,13,"$1,000,000"
0xluna.nft,https://unstoppabledomains.com/d/0xluna.nft,For sale by owner,–,13,$100
singer.nft,https://unstoppabledomains.com/d/singer.nft,For sale by owner,–,13,"$47,000"
romance.x,https://unstoppabledomains.com/d/romance.x,For sale by owner,,13,"$1,486,000"
chess.x,https://unstoppabledomains.com/d/chess.x,For sale by owner,,13,"$300,000"
peter.x,https://unstoppabledomains.com/d/peter.x,For sale by owner,,13,"$1,888"
classes.crypto,https://unstoppabledomains.com/d/classes.crypto,For sale by owner,,13,"$6,000"
nh.crypto,https://unstoppabledomains.com/d/nh.crypto,For sale by owner,–,13,"$47,000"
zdf.crypto,https://unstoppabledomains.com/d/zdf.crypto,For sale by owner,–,13,"$8,888"
2022.crypto,https://unstoppabledomains.com/d/2022.crypto,For sale by owner,,13,$500
luke.crypto,https://unstoppabledomains.com/d/luke.crypto,For sale by owner,,13,"$5,000"
opendata.crypto,https://unstoppabledomains.com/d/opendata.crypto,For sale by owner,–,12,"$3,500,000"
placard.org,https://unstoppabledomains.com/d/placard.org,For sale by owner,–,12,"$6,888"
integral.crypto,https://unstoppabledomains.com/d/integral.crypto,For sale by owner,,12,"$1,999"
gmvw.com,https://unstoppabledomains.com/d/gmvw.com,For sale by owner,–,12,"$8,888"
tokenizedfinance.xyz,https://unstoppabledomains.com/d/tokenizedfinance.xyz,For sale by owner,–,12,"$2,888"
zksys.xyz,https://unstoppabledomains.com/d/zksys.xyz,For sale by owner,–,12,"$2,888"
jackpot.nft,https://unstoppabledomains.com/d/jackpot.nft,For sale by owner,–,12,"$145,000"
relevantagent.com,https://unstoppabledomains.com/d/relevantagent.com,For sale by owner,–,12,"$4,888"
fantasticagent.com,https://unstoppabledomains.com/d/fantasticagent.com,For sale by owner,–,12,"$18,888"
hums.org,https://unstoppabledomains.com/d/hums.org,For sale by owner,–,12,"$8,888"
coinforum.org,https://unstoppabledomains.com/d/coinforum.org,For sale by owner,–,12,"$6,888"
enviar.crypto,https://unstoppabledomains.com/d/enviar.crypto,For sale by owner,–,12,"$300,000"
digitaltrust.crypto,https://unstoppabledomains.com/d/digitaltrust.crypto,For sale by owner,–,12,"$8,000"
proper.crypto,https://unstoppabledomains.com/d/proper.crypto,For sale by owner,,12,$200
sentient.crypto,https://unstoppabledomains.com/d/sentient.crypto,For sale by owner,–,12,"$4,999"
abracadabra.x,https://unstoppabledomains.com/d/abracadabra.x,For sale by owner,–,12,$720
iam.unstoppable,https://unstoppabledomains.com/d/iam.unstoppable,For sale by owner,–,12,"$8,888"
sound.nft,https://unstoppabledomains.com/d/sound.nft,For sale by owner,+2,12,"$50,000"
abudhabi.wallet,https://unstoppabledomains.com/d/abudhabi.wallet,For sale by owner,–,12,"$25,000"
assistant.nft,https://unstoppabledomains.com/d/assistant.nft,For sale by owner,–,12,"$3,888"
maximalist.nft,https://unstoppabledomains.com/d/maximalist.nft,For sale by owner,–,12,"$1,888"
organization.wallet,https://unstoppabledomains.com/d/organization.wallet,For sale by owner,,12,"$8,888"
england.nft,https://unstoppabledomains.com/d/england.nft,For sale by owner,,12,"$7,000"
com.nft,https://unstoppabledomains.com/d/com.nft,For sale by owner,–,12,"$5,999"
lend.nft,https://unstoppabledomains.com/d/lend.nft,For sale by owner,+1,12,"$4,999"
fentanyl.crypto,https://unstoppabledomains.com/d/fentanyl.crypto,For sale by owner,–,11,"$3,000"
singh.nft,https://unstoppabledomains.com/d/singh.nft,For sale by owner,,11,"$25,000"
28.crypto,https://unstoppabledomains.com/d/28.crypto,For sale by owner,–,11,$499
apps.x,https://unstoppabledomains.com/d/apps.x,For sale by owner,,11,$999
orchestratedagent.com,https://unstoppabledomains.com/d/orchestratedagent.com,For sale by owner,–,11,"$3,888"
prime.x,https://unstoppabledomains.com/d/prime.x,For sale by owner,+1,11,"$1,345,000"
vorobey.com,https://unstoppabledomains.com/d/vorobey.com,For sale by owner,–,11,"$16,888"
vlogumentary.com,https://unstoppabledomains.com/d/vlogumentary.com,For sale by owner,–,11,"$8,888"
wcwq.com,https://unstoppabledomains.com/d/wcwq.com,For sale by owner,–,11,"$2,888"
yousuperhuman.com,https://unstoppabledomains.com/d/yousuperhuman.com,For sale by owner,–,11,"$2,888"
name.x,https://unstoppabledomains.com/d/name.x,For sale by owner,+2,11,"$2,500"
torakiki.com,https://unstoppabledomains.com/d/torakiki.com,For sale by owner,–,11,"$3,888"
ultraok.com,https://unstoppabledomains.com/d/ultraok.com,For sale by owner,–,11,"$3,888"
targetingai.com,https://unstoppabledomains.com/d/targetingai.com,For sale by owner,–,11,"$2,888"
setagent.com,https://unstoppabledomains.com/d/setagent.com,For sale by owner,–,11,"$4,888"
sacrai.com,https://unstoppabledomains.com/d/sacrai.com,For sale by owner,–,11,"$2,888"
pickingai.com,https://unstoppabledomains.com/d/pickingai.com,For sale by owner,–,11,"$6,888"
radioagent.com,https://unstoppabledomains.com/d/radioagent.com,For sale by owner,–,11,"$6,888"
orangedrone.com,https://unstoppabledomains.com/d/orangedrone.com,For sale by owner,–,11,"$7,888"
offsetagent.com,https://unstoppabledomains.com/d/offsetagent.com,For sale by owner,–,11,"$4,888"
myscorer.com,https://unstoppabledomains.com/d/myscorer.com,For sale by owner,–,11,"$3,888"
monkeysshop.com,https://unstoppabledomains.com/d/monkeysshop.com,For sale by owner,–,11,"$3,888"
cyberdefi.com,https://unstoppabledomains.com/d/cyberdefi.com,For sale by owner,–,11,"$8,888"
checksai.com,https://unstoppabledomains.com/d/checksai.com,For sale by owner,–,11,"$6,888"
zkpbank.io,https://unstoppabledomains.com/d/zkpbank.io,For sale by owner,–,11,"$18,888"
zkprover.io,https://unstoppabledomains.com/d/zkprover.io,For sale by owner,–,11,"$38,888"
zksys.io,https://unstoppabledomains.com/d/zksys.io,For sale by owner,–,11,"$8,888"
delegators.org,https://unstoppabledomains.com/d/delegators.org,For sale by owner,–,11,"$2,888"
englishschools.org,https://unstoppabledomains.com/d/englishschools.org,For sale by owner,–,11,"$5,888"
sadaqah.crypto,https://unstoppabledomains.com/d/sadaqah.crypto,For sale by owner,–,11,"$1,000,000"
realworld.crypto,https://unstoppabledomains.com/d/realworld.crypto,For sale by owner,–,11,"$1,000"
mint.wallet,https://unstoppabledomains.com/d/mint.wallet,For sale by owner,+1,11,"$34,900"
baskinrobbins31.nft,https://unstoppabledomains.com/d/baskinrobbins31.nft,For sale by owner,–,11,"$1,000,000"
what.nft,https://unstoppabledomains.com/d/what.nft,For sale by owner,,11,$250
0xnoon.nft,https://unstoppabledomains.com/d/0xnoon.nft,For sale by owner,–,11,$100
0xkitty.nft,https://unstoppabledomains.com/d/0xkitty.nft,For sale by owner,–,11,$100
0xhellboy.nft,https://unstoppabledomains.com/d/0xhellboy.nft,For sale by owner,–,11,$100
0xdogefather.nft,https://unstoppabledomains.com/d/0xdogefather.nft,For sale by owner,–,11,$100
champagne.nft,https://unstoppabledomains.com/d/champagne.nft,For sale by owner,,11,"$1,000,000"
mbappe.nft,https://unstoppabledomains.com/d/mbappe.nft,For sale by owner,–,11,"$47,000"
bitmap.nft,https://unstoppabledomains.com/d/bitmap.nft,For sale by owner,–,11,"$2,160"
footballmanager.nft,https://unstoppabledomains.com/d/footballmanager.nft,For sale by owner,–,11,"$47,000"
iran.nft,https://unstoppabledomains.com/d/iran.nft,For sale by owner,,11,"$55,000"
champagne.wallet,https://unstoppabledomains.com/d/champagne.wallet,For sale by owner,,11,"$71,111"
sneakers.nft,https://unstoppabledomains.com/d/sneakers.nft,For sale by owner,,11,"$2,500"
kylianmbappe.nft,https://unstoppabledomains.com/d/kylianmbappe.nft,For sale by owner,–,11,"$47,000"
dog.nft,https://unstoppabledomains.com/d/dog.nft,For sale by owner,+2,11,"$2,500"
investment.x,https://unstoppabledomains.com/d/investment.x,For sale by owner,,11,"$8,000"
betclick.crypto,https://unstoppabledomains.com/d/betclick.crypto,For sale by owner,–,11,"$8,888"
bettingsports.crypto,https://unstoppabledomains.com/d/bettingsports.crypto,For sale by owner,–,11,"$8,888"
60.crypto,https://unstoppabledomains.com/d/60.crypto,For sale by owner,–,11,"$2,999"
3.x,https://unstoppabledomains.com/d/3.x,For sale by owner,–,10,"$8,000"
astrology.nft,https://unstoppabledomains.com/d/astrology.nft,For sale by owner,,10,"$19,900"
sport.nft,https://unstoppabledomains.com/d/sport.nft,For sale by owner,+1,10,"$900,000"
21.x,https://unstoppabledomains.com/d/21.x,For sale by owner,–,10,"$4,900"
future360.nft,https://unstoppabledomains.com/d/future360.nft,For sale by owner,–,10,$500
released.nft,https://unstoppabledomains.com/d/released.nft,For sale by owner,,10,"$1,999"
help.wallet,https://unstoppabledomains.com/d/help.wallet,For sale by owner,+2,10,"$150,000"
cosmic.nft,https://unstoppabledomains.com/d/cosmic.nft,For sale by owner,–,10,"$29,999"
vangogh.nft,https://unstoppabledomains.com/d/vangogh.nft,For sale by owner,–,10,"$20,000,000"
solarpower.nft,https://unstoppabledomains.com/d/solarpower.nft,For sale by owner,–,10,"$50,000"
agentic.crypto,https://unstoppabledomains.com/d/agentic.crypto,For sale by owner,–,10,"$8,888"
xnwai.com,https://unstoppabledomains.com/d/xnwai.com,For sale by owner,–,10,"$2,888"
vrser.com,https://unstoppabledomains.com/d/vrser.com,For sale by owner,–,10,"$6,888"
vrecosystem.com,https://unstoppabledomains.com/d/vrecosystem.com,For sale by owner,–,10,"$4,888"
vremergency.com,https://unstoppabledomains.com/d/vremergency.com,For sale by owner,–,10,"$3,888"
warbin.com,https://unstoppabledomains.com/d/warbin.com,For sale by owner,–,10,"$3,888"
varid.com,https://unstoppabledomains.com/d/varid.com,For sale by owner,–,10,"$5,888"
uxipay.com,https://unstoppabledomains.com/d/uxipay.com,For sale by owner,–,10,"$4,888"
upagri.com,https://unstoppabledomains.com/d/upagri.com,For sale by owner,–,10,"$6,888"
supervisorgpt.com,https://unstoppabledomains.com/d/supervisorgpt.com,For sale by owner,–,10,"$2,888"
therapistsai.com,https://unstoppabledomains.com/d/therapistsai.com,For sale by owner,–,10,"$4,888"
titibo.com,https://unstoppabledomains.com/d/titibo.com,For sale by owner,–,10,"$3,888"
soulg.com,https://unstoppabledomains.com/d/soulg.com,For sale by owner,–,10,"$8,888"
smarterblue.com,https://unstoppabledomains.com/d/smarterblue.com,For sale by owner,–,10,"$3,888"
sportpsychiatrist.com,https://unstoppabledomains.com/d/sportpsychiatrist.com,For sale by owner,–,10,"$4,888"
solussolar.com,https://unstoppabledomains.com/d/solussolar.com,For sale by owner,–,10,"$3,888"
seamemory.com,https://unstoppabledomains.com/d/seamemory.com,For sale by owner,–,10,"$4,888"
reclio.com,https://unstoppabledomains.com/d/reclio.com,For sale by owner,–,10,"$2,888"
mrsring.com,https://unstoppabledomains.com/d/mrsring.com,For sale by owner,–,10,"$6,888"
nanolu.com,https://unstoppabledomains.com/d/nanolu.com,For sale by owner,–,10,"$5,888"
neuroprotector.com,https://unstoppabledomains.com/d/neuroprotector.com,For sale by owner,–,10,"$3,888"
kwkwk.com,https://unstoppabledomains.com/d/kwkwk.com,For sale by owner,–,10,"$2,888"
hostessai.com,https://unstoppabledomains.com/d/hostessai.com,For sale by owner,–,10,"$3,888"
fospo.com,https://unstoppabledomains.com/d/fospo.com,For sale by owner,–,10,"$3,888"
bxbxb.com,https://unstoppabledomains.com/d/bxbxb.com,For sale by owner,–,10,"$6,888"
betinsane.com,https://unstoppabledomains.com/d/betinsane.com,For sale by owner,–,10,"$2,888"
aiscorer.com,https://unstoppabledomains.com/d/aiscorer.com,For sale by owner,–,10,"$2,888"
cryptojewellery.com,https://unstoppabledomains.com/d/cryptojewellery.com,For sale by owner,–,10,"$6,888"
datapow.com,https://unstoppabledomains.com/d/datapow.com,For sale by owner,–,10,"$4,888"
runes.crypto,https://unstoppabledomains.com/d/runes.crypto,For sale by owner,,10,"$1,500,000"
alphasys.io,https://unstoppabledomains.com/d/alphasys.io,For sale by owner,–,10,"$6,888"
tokeners.org,https://unstoppabledomains.com/d/tokeners.org,For sale by owner,–,10,"$4,888"
telecomservices.net,https://unstoppabledomains.com/d/telecomservices.net,For sale by owner,–,10,"$3,888"
iot.nft,https://unstoppabledomains.com/d/iot.nft,For sale by owner,,10,"$24,900"
auth.crypto,https://unstoppabledomains.com/d/auth.crypto,For sale by owner,–,10,"$4,900"
cute.wallet,https://unstoppabledomains.com/d/cute.wallet,For sale by owner,,10,$299
cookies.nft,https://unstoppabledomains.com/d/cookies.nft,For sale by owner,–,10,"$5,000,000"
tlc.crypto,https://unstoppabledomains.com/d/tlc.crypto,For sale by owner,–,10,"$2,750"
pensionfund.crypto,https://unstoppabledomains.com/d/pensionfund.crypto,For sale by owner,–,10,"$10,000"
nftsgateway.com,https://unstoppabledomains.com/d/nftsgateway.com,For sale by owner,–,10,"$8,888"
losangeles.nft,https://unstoppabledomains.com/d/losangeles.nft,For sale by owner,–,10,"$15,000"
realdeals.x,https://unstoppabledomains.com/d/realdeals.x,For sale by owner,–,10,$216
30303.x,https://unstoppabledomains.com/d/30303.x,For sale by owner,,10,$216
2442.x,https://unstoppabledomains.com/d/2442.x,For sale by owner,,10,$888
landmarkgroup.x,https://unstoppabledomains.com/d/landmarkgroup.x,For sale by owner,–,10,"$8,888"
mememe.x,https://unstoppabledomains.com/d/mememe.x,For sale by owner,–,10,"$2,888"
boots.x,https://unstoppabledomains.com/d/boots.x,For sale by owner,,10,"$235,000"
0x.x,https://unstoppabledomains.com/d/0x.x,For sale by owner,–,10,"$9,999"
influencers.x,https://unstoppabledomains.com/d/influencers.x,For sale by owner,–,10,"$14,999"
cybersecurity.x,https://unstoppabledomains.com/d/cybersecurity.x,For sale by owner,–,10,"$15,000"
management.wallet,https://unstoppabledomains.com/d/management.wallet,For sale by owner,–,10,"$3,888"
auto.x,https://unstoppabledomains.com/d/auto.x,For sale by owner,,10,"$9,999"
barfly.crypto,https://unstoppabledomains.com/d/barfly.crypto,For sale by owner,–,10,"$3,500"
8808.crypto,https://unstoppabledomains.com/d/8808.crypto,For sale by owner,,10,$888
basileus.crypto,https://unstoppabledomains.com/d/basileus.crypto,For sale by owner,–,9,"$50,000"
ocean.x,https://unstoppabledomains.com/d/ocean.x,For sale by owner,,9,$600
fit.x,https://unstoppabledomains.com/d/fit.x,For sale by owner,–,9,"$250,000"
kk.x,https://unstoppabledomains.com/d/kk.x,For sale by owner,–,9,$999
ass.wallet,https://unstoppabledomains.com/d/ass.wallet,For sale by owner,,9,$999
01.nft,https://unstoppabledomains.com/d/01.nft,For sale by owner,–,9,"$1,500"
vincentvangogh.nft,https://unstoppabledomains.com/d/vincentvangogh.nft,For sale by owner,–,9,"$20,000,000"
season.crypto,https://unstoppabledomains.com/d/season.crypto,For sale by owner,–,9,"$10,000,000"
nightcrawler.crypto,https://unstoppabledomains.com/d/nightcrawler.crypto,For sale by owner,–,9,"$2,500"
agenticzon.com,https://unstoppabledomains.com/d/agenticzon.com,For sale by owner,–,9,"$2,888"
agenticxp.com,https://unstoppabledomains.com/d/agenticxp.com,For sale by owner,–,9,"$2,888"
agentictips.com,https://unstoppabledomains.com/d/agentictips.com,For sale by owner,–,9,"$2,888"
agenticsynergy.com,https://unstoppabledomains.com/d/agenticsynergy.com,For sale by owner,–,9,"$2,888"
agenticsurgery.com,https://unstoppabledomains.com/d/agenticsurgery.com,For sale by owner,–,9,"$2,888"
agenticsync.com,https://unstoppabledomains.com/d/agenticsync.com,For sale by owner,–,9,"$2,888"
agentictoday.com,https://unstoppabledomains.com/d/agentictoday.com,For sale by owner,–,9,"$2,888"
agentictip.com,https://unstoppabledomains.com/d/agentictip.com,For sale by owner,–,9,"$2,888"
agenticwin.com,https://unstoppabledomains.com/d/agenticwin.com,For sale by owner,–,9,"$2,888"
agentictherapy.org,https://unstoppabledomains.com/d/agentictherapy.org,For sale by owner,–,9,"$2,888"
agenticsport.com,https://unstoppabledomains.com/d/agenticsport.com,For sale by owner,–,9,"$2,888"
agenticsociety.com,https://unstoppabledomains.com/d/agenticsociety.com,For sale by owner,–,9,"$2,888"
agenticnews.org,https://unstoppabledomains.com/d/agenticnews.org,For sale by owner,–,9,"$2,888"
agenticphones.com,https://unstoppabledomains.com/d/agenticphones.com,For sale by owner,–,9,"$2,888"
agenticpanda.com,https://unstoppabledomains.com/d/agenticpanda.com,For sale by owner,–,9,"$2,888"
agenticfoundation.org,https://unstoppabledomains.com/d/agenticfoundation.org,For sale by owner,–,9,"$2,888"
agenticscore.com,https://unstoppabledomains.com/d/agenticscore.com,For sale by owner,–,9,"$2,888"
agenticmeds.com,https://unstoppabledomains.com/d/agenticmeds.com,For sale by owner,–,9,"$2,888"
agenticmatch.com,https://unstoppabledomains.com/d/agenticmatch.com,For sale by owner,–,9,"$2,888"
agenticgroup.org,https://unstoppabledomains.com/d/agenticgroup.org,For sale by owner,–,9,"$2,888"
agentichouse.com,https://unstoppabledomains.com/d/agentichouse.com,For sale by owner,–,9,"$2,888"
agenticledger.com,https://unstoppabledomains.com/d/agenticledger.com,For sale by owner,–,9,"$2,888"
agenticinsurance.org,https://unstoppabledomains.com/d/agenticinsurance.org,For sale by owner,–,9,"$2,888"
agenticrecovery.com,https://unstoppabledomains.com/d/agenticrecovery.com,For sale by owner,–,9,"$2,888"
agenticpharmacy.com,https://unstoppabledomains.com/d/agenticpharmacy.com,For sale by owner,–,9,"$2,888"
agenticnetwork.org,https://unstoppabledomains.com/d/agenticnetwork.org,For sale by owner,–,9,"$2,888"
agenticpreneur.com,https://unstoppabledomains.com/d/agenticpreneur.com,For sale by owner,–,9,"$2,888"
agenticinsure.com,https://unstoppabledomains.com/d/agenticinsure.com,For sale by owner,–,9,"$2,888"
agenticselect.com,https://unstoppabledomains.com/d/agenticselect.com,For sale by owner,–,9,"$2,888"
agenticrocket.com,https://unstoppabledomains.com/d/agenticrocket.com,For sale by owner,–,9,"$2,888"
agenticdrivers.com,https://unstoppabledomains.com/d/agenticdrivers.com,For sale by owner,–,9,"$2,888"
agentichealer.com,https://unstoppabledomains.com/d/agentichealer.com,For sale by owner,–,9,"$2,888"
agenticfinder.com,https://unstoppabledomains.com/d/agenticfinder.com,For sale by owner,–,9,"$2,888"
agenticdrugs.com,https://unstoppabledomains.com/d/agenticdrugs.com,For sale by owner,–,9,"$2,888"
persimmon.crypto,https://unstoppabledomains.com/d/persimmon.crypto,For sale by owner,,9,"$1,500,000"
vegastoken.xyz,https://unstoppabledomains.com/d/vegastoken.xyz,For sale by owner,–,9,"$1,888"
tokenplay.xyz,https://unstoppabledomains.com/d/tokenplay.xyz,For sale by owner,–,9,"$2,888"
zkphealth.com,https://unstoppabledomains.com/d/zkphealth.com,For sale by owner,–,9,"$3,888"
vryork.com,https://unstoppabledomains.com/d/vryork.com,For sale by owner,–,9,"$8,888"
xrmeet.com,https://unstoppabledomains.com/d/xrmeet.com,For sale by owner,–,9,"$4,888"
vrconsultancy.com,https://unstoppabledomains.com/d/vrconsultancy.com,For sale by owner,–,9,"$4,888"
tokenizedtrust.com,https://unstoppabledomains.com/d/tokenizedtrust.com,For sale by owner,–,9,"$4,888"
uhfai.com,https://unstoppabledomains.com/d/uhfai.com,For sale by owner,–,9,"$3,888"
theregard.com,https://unstoppabledomains.com/d/theregard.com,For sale by owner,–,9,"$3,888"
scientistgpt.com,https://unstoppabledomains.com/d/scientistgpt.com,For sale by owner,–,9,"$3,888"
singaporeagents.com,https://unstoppabledomains.com/d/singaporeagents.com,For sale by owner,–,9,"$2,888"
studiodots.com,https://unstoppabledomains.com/d/studiodots.com,For sale by owner,–,9,"$4,888"
psychologistnetwork.com,https://unstoppabledomains.com/d/psychologistnetwork.com,For sale by owner,–,9,"$4,888"
petsclinics.com,https://unstoppabledomains.com/d/petsclinics.com,For sale by owner,–,9,"$5,888"
obesityai.com,https://unstoppabledomains.com/d/obesityai.com,For sale by owner,–,9,"$2,888"
nexuslasers.com,https://unstoppabledomains.com/d/nexuslasers.com,For sale by owner,–,9,"$4,888"
logofixer.com,https://unstoppabledomains.com/d/logofixer.com,For sale by owner,–,9,"$3,888"
dexui.com,https://unstoppabledomains.com/d/dexui.com,For sale by owner,–,9,"$3,888"
tokenplay.io,https://unstoppabledomains.com/d/tokenplay.io,For sale by owner,–,9,"$2,888"
datatrading.io,https://unstoppabledomains.com/d/datatrading.io,For sale by owner,–,9,"$2,888"
encry.io,https://unstoppabledomains.com/d/encry.io,For sale by owner,–,9,$888
vibry.io,https://unstoppabledomains.com/d/vibry.io,For sale by owner,–,9,$888
vho.io,https://unstoppabledomains.com/d/vho.io,For sale by owner,–,9,"$5,888"
dappstore.net,https://unstoppabledomains.com/d/dappstore.net,For sale by owner,–,9,"$1,888"
secure.nft,https://unstoppabledomains.com/d/secure.nft,For sale by owner,,9,"$5,000"
ms-ad-hd.crypto,https://unstoppabledomains.com/d/ms-ad-hd.crypto,For sale by owner,–,9,"$8,000,000"
humane.crypto,https://unstoppabledomains.com/d/humane.crypto,For sale by owner,–,9,"$2,000,000"
ai-driven.crypto,https://unstoppabledomains.com/d/ai-driven.crypto,For sale by owner,–,9,"$2,160"
girl.wallet,https://unstoppabledomains.com/d/girl.wallet,For sale by owner,+1,9,$399
0xvoyagers.nft,https://unstoppabledomains.com/d/0xvoyagers.nft,For sale by owner,–,9,$100
0xwagmi-san.nft,https://unstoppabledomains.com/d/0xwagmi-san.nft,For sale by owner,–,9,$100
0xstarlink.crypto,https://unstoppabledomains.com/d/0xstarlink.crypto,For sale by owner,–,9,$100
0xollie.x,https://unstoppabledomains.com/d/0xollie.x,For sale by owner,–,9,$100
0xothersidemeta.nft,https://unstoppabledomains.com/d/0xothersidemeta.nft,For sale by owner,–,9,$100
0xotherside.nft,https://unstoppabledomains.com/d/0xotherside.nft,For sale by owner,–,9,$100
0xollie.nft,https://unstoppabledomains.com/d/0xollie.nft,For sale by owner,–,9,$100
0xoptimus.nft,https://unstoppabledomains.com/d/0xoptimus.nft,For sale by owner,–,9,$100
0xnftking.nft,https://unstoppabledomains.com/d/0xnftking.nft,For sale by owner,–,9,$100
0xmans.nft,https://unstoppabledomains.com/d/0xmans.nft,For sale by owner,–,9,$100
0xhold.nft,https://unstoppabledomains.com/d/0xhold.nft,For sale by owner,–,9,$100
wbtc.crypto,https://unstoppabledomains.com/d/wbtc.crypto,For sale by owner,–,9,"$100,000"
no.nft,https://unstoppabledomains.com/d/no.nft,For sale by owner,–,9,"$10,000"
dmv.nft,https://unstoppabledomains.com/d/dmv.nft,For sale by owner,–,9,"$4,750"
disclose.crypto,https://unstoppabledomains.com/d/disclose.crypto,For sale by owner,,9,$100
believer.wallet,https://unstoppabledomains.com/d/believer.wallet,For sale by owner,,9,$25
dev.nft,https://unstoppabledomains.com/d/dev.nft,For sale by owner,–,9,"$2,500"
help365.unstoppable,https://unstoppabledomains.com/d/help365.unstoppable,For sale by owner,–,9,$365
ai-driven.x,https://unstoppabledomains.com/d/ai-driven.x,For sale by owner,–,9,$888
explus.nft,https://unstoppabledomains.com/d/explus.nft,For sale by owner,–,9,"$47,000"
mykobo.wallet,https://unstoppabledomains.com/d/mykobo.wallet,For sale by owner,–,9,"$8,888"
ibanfirst.wallet,https://unstoppabledomains.com/d/ibanfirst.wallet,For sale by owner,–,9,"$8,888"
xoxno.nft,https://unstoppabledomains.com/d/xoxno.nft,For sale by owner,–,9,"$88,888"
801.nft,https://unstoppabledomains.com/d/801.nft,For sale by owner,,9,"$8,888"
wed3.crypto,https://unstoppabledomains.com/d/wed3.crypto,For sale by owner,–,9,$50
154.x,https://unstoppabledomains.com/d/154.x,For sale by owner,,9,"$3,100"
playpad.nft,https://unstoppabledomains.com/d/playpad.nft,For sale by owner,–,9,"$2,160"
xexchange.x,https://unstoppabledomains.com/d/xexchange.x,For sale by owner,–,9,"$47,000"
game-changer.x,https://unstoppabledomains.com/d/game-changer.x,For sale by owner,–,9,"$2,888"
rebase.wallet,https://unstoppabledomains.com/d/rebase.wallet,For sale by owner,–,9,"$3,888"
administration.wallet,https://unstoppabledomains.com/d/administration.wallet,For sale by owner,–,9,"$8,888"
guitar.x,https://unstoppabledomains.com/d/guitar.x,For sale by owner,,9,"$3,500"
assistant.wallet,https://unstoppabledomains.com/d/assistant.wallet,For sale by owner,–,9,"$3,888"
concerts.nft,https://unstoppabledomains.com/d/concerts.nft,For sale by owner,–,9,"$500,000"
mdma.x,https://unstoppabledomains.com/d/mdma.x,For sale by owner,–,9,"$345,888"
lending.nft,https://unstoppabledomains.com/d/lending.nft,For sale by owner,,9,"$2,999"
hustle.nft,https://unstoppabledomains.com/d/hustle.nft,For sale by owner,,9,"$5,000"
lol.nft,https://unstoppabledomains.com/d/lol.nft,For sale by owner,–,9,"$15,000"
aok.crypto,https://unstoppabledomains.com/d/aok.crypto,For sale by owner,–,9,"$8,888"
careers.x,https://unstoppabledomains.com/d/careers.x,For sale by owner,–,9,"$3,500,000"
husky.x,https://unstoppabledomains.com/d/husky.x,For sale by owner,,9,"$20,000"
grow.x,https://unstoppabledomains.com/d/grow.x,For sale by owner,+1,9,"$99,000"
kicks.x,https://unstoppabledomains.com/d/kicks.x,For sale by owner,,9,"$1,999"
audio.nft,https://unstoppabledomains.com/d/audio.nft,For sale by owner,,9,"$50,000"
taurus.wallet,https://unstoppabledomains.com/d/taurus.wallet,For sale by owner,–,9,"$2,900"
fake.nft,https://unstoppabledomains.com/d/fake.nft,For sale by owner,,9,"$13,000"
believer.x,https://unstoppabledomains.com/d/believer.x,For sale by owner,,8,$99
print.x,https://unstoppabledomains.com/d/print.x,For sale by owner,+2,8,"$50,000"
ibiza.x,https://unstoppabledomains.com/d/ibiza.x,For sale by owner,,8,"$50,000"
dj.nft,https://unstoppabledomains.com/d/dj.nft,For sale by owner,–,8,"$1,000"
ethereum.xyz,https://unstoppabledomains.com/d/ethereum.xyz,For sale by owner,–,8,"$916,380"
1881.x,https://unstoppabledomains.com/d/1881.x,For sale by owner,,8,$25
tods.crypto,https://unstoppabledomains.com/d/tods.crypto,For sale by owner,–,8,"$250,000"
intangible.crypto,https://unstoppabledomains.com/d/intangible.crypto,For sale by owner,–,8,"$1,000,000"
willistowerswatson.crypto,https://unstoppabledomains.com/d/willistowerswatson.crypto,For sale by owner,–,8,"$2,000,000"
1111.nft,https://unstoppabledomains.com/d/1111.nft,For sale by owner,,8,"$1,500"
arte.x,https://unstoppabledomains.com/d/arte.x,For sale by owner,–,8,"$25,000"
agenticdiagnosis.com,https://unstoppabledomains.com/d/agenticdiagnosis.com,For sale by owner,–,8,"$2,888"
agenticdelivery.com,https://unstoppabledomains.com/d/agenticdelivery.com,For sale by owner,–,8,"$2,888"
agenticdriver.com,https://unstoppabledomains.com/d/agenticdriver.com,For sale by owner,–,8,"$2,888"
agenticbody.com,https://unstoppabledomains.com/d/agenticbody.com,For sale by owner,–,8,"$2,888"
agenticbrokerage.com,https://unstoppabledomains.com/d/agenticbrokerage.com,For sale by owner,–,8,"$2,888"
agenticbay.com,https://unstoppabledomains.com/d/agenticbay.com,For sale by owner,–,8,"$2,888"
agenticcure.com,https://unstoppabledomains.com/d/agenticcure.com,For sale by owner,–,8,"$2,888"
agenticbuyer.com,https://unstoppabledomains.com/d/agenticbuyer.com,For sale by owner,–,8,"$2,888"
agenticadmin.com,https://unstoppabledomains.com/d/agenticadmin.com,For sale by owner,–,8,"$2,888"
agenticgenius.com,https://unstoppabledomains.com/d/agenticgenius.com,For sale by owner,–,8,"$2,888"
agenticcorp.com,https://unstoppabledomains.com/d/agenticcorp.com,For sale by owner,–,8,"$2,888"
agenticgateway.com,https://unstoppabledomains.com/d/agenticgateway.com,For sale by owner,–,8,"$2,888"
agenticbeauty.com,https://unstoppabledomains.com/d/agenticbeauty.com,For sale by owner,–,8,"$2,888"
agenticfox.com,https://unstoppabledomains.com/d/agenticfox.com,For sale by owner,–,8,"$2,888"
agenticfix.com,https://unstoppabledomains.com/d/agenticfix.com,For sale by owner,–,8,"$2,888"
agenticgateways.com,https://unstoppabledomains.com/d/agenticgateways.com,For sale by owner,–,8,"$2,888"
architecture.nft,https://unstoppabledomains.com/d/architecture.nft,For sale by owner,,8,"$17,500"
djcoin.crypto,https://unstoppabledomains.com/d/djcoin.crypto,For sale by owner,–,8,"$8,700"
zkhealth.xyz,https://unstoppabledomains.com/d/zkhealth.xyz,For sale by owner,–,8,$528
vodkarussia.com,https://unstoppabledomains.com/d/vodkarussia.com,For sale by owner,–,8,"$2,888"
uxads.com,https://unstoppabledomains.com/d/uxads.com,For sale by owner,–,8,"$1,888"
unhid.com,https://unstoppabledomains.com/d/unhid.com,For sale by owner,–,8,"$1,888"
sommelierai.com,https://unstoppabledomains.com/d/sommelierai.com,For sale by owner,–,8,"$2,888"
personalizedbiology.com,https://unstoppabledomains.com/d/personalizedbiology.com,For sale by owner,–,8,"$2,888"
pranapharma.com,https://unstoppabledomains.com/d/pranapharma.com,For sale by owner,–,8,"$3,888"
pranavibes.com,https://unstoppabledomains.com/d/pranavibes.com,For sale by owner,–,8,"$2,888"
modernbiotechnology.com,https://unstoppabledomains.com/d/modernbiotechnology.com,For sale by owner,–,8,"$4,888"
healththerapeutics.com,https://unstoppabledomains.com/d/healththerapeutics.com,For sale by owner,–,8,"$8,888"
vibemedia.io,https://unstoppabledomains.com/d/vibemedia.io,For sale by owner,–,8,$888
designerbaby.org,https://unstoppabledomains.com/d/designerbaby.org,For sale by owner,–,8,"$2,888"
211.crypto,https://unstoppabledomains.com/d/211.crypto,For sale by owner,,8,$799
login.nft,https://unstoppabledomains.com/d/login.nft,For sale by owner,,8,"$5,000"
degenerate.x,https://unstoppabledomains.com/d/degenerate.x,For sale by owner,,8,"$50,000"
016.unstoppable,https://unstoppabledomains.com/d/016.unstoppable,For sale by owner,,8,$169
kpop.nft,https://unstoppabledomains.com/d/kpop.nft,For sale by owner,–,8,"$11,000,000"
share.nft,https://unstoppabledomains.com/d/share.nft,For sale by owner,+2,8,"$500,000"
internetofvalue.crypto,https://unstoppabledomains.com/d/internetofvalue.crypto,For sale by owner,–,8,"$77,000"
what.wallet,https://unstoppabledomains.com/d/what.wallet,For sale by owner,,8,$250
binanceman.nft,https://unstoppabledomains.com/d/binanceman.nft,For sale by owner,–,8,$100
0xsarah.x,https://unstoppabledomains.com/d/0xsarah.x,For sale by owner,–,8,$100
0xollie.wallet,https://unstoppabledomains.com/d/0xollie.wallet,For sale by owner,–,8,$100
0xbender.nft,https://unstoppabledomains.com/d/0xbender.nft,For sale by owner,–,8,$100
paydegen.crypto,https://unstoppabledomains.com/d/paydegen.crypto,For sale by owner,–,8,$888
lawyers.nft,https://unstoppabledomains.com/d/lawyers.nft,For sale by owner,–,8,"$4,750"
dust.x,https://unstoppabledomains.com/d/dust.x,For sale by owner,+1,8,"$1,000"
yolo.x,https://unstoppabledomains.com/d/yolo.x,For sale by owner,–,8,"$4,980"
fun.nft,https://unstoppabledomains.com/d/fun.nft,For sale by owner,–,8,"$515,464"
bidtoearn.crypto,https://unstoppabledomains.com/d/bidtoearn.crypto,For sale by owner,–,8,"$8,888"
caliente.nft,https://unstoppabledomains.com/d/caliente.nft,For sale by owner,–,8,"$4,888"
caliente.x,https://unstoppabledomains.com/d/caliente.x,For sale by owner,–,8,"$8,888"
stevejobs.x,https://unstoppabledomains.com/d/stevejobs.x,For sale by owner,–,8,"$2,160"
nickelback.nft,https://unstoppabledomains.com/d/nickelback.nft,For sale by owner,–,8,"$47,000"
w3chat.x,https://unstoppabledomains.com/d/w3chat.x,For sale by owner,–,8,"$8,888"
musicworldmedia.nft,https://unstoppabledomains.com/d/musicworldmedia.nft,For sale by owner,–,8,"$8,888"
kylianmbappe.x,https://unstoppabledomains.com/d/kylianmbappe.x,For sale by owner,–,8,"$47,000"
ibrahimovic.nft,https://unstoppabledomains.com/d/ibrahimovic.nft,For sale by owner,–,8,"$47,000"
423.x,https://unstoppabledomains.com/d/423.x,For sale by owner,,8,"$5,000"
284.x,https://unstoppabledomains.com/d/284.x,For sale by owner,,8,"$7,000"
264.x,https://unstoppabledomains.com/d/264.x,For sale by owner,,8,"$5,600"
readymix.x,https://unstoppabledomains.com/d/readymix.x,For sale by owner,–,8,"$10,000"
3223.x,https://unstoppabledomains.com/d/3223.x,For sale by owner,,8,$888
619.nft,https://unstoppabledomains.com/d/619.nft,For sale by owner,,8,$750
visualfeeder.nft,https://unstoppabledomains.com/d/visualfeeder.nft,For sale by owner,–,8,"$8,888"
1x2bet.x,https://unstoppabledomains.com/d/1x2bet.x,For sale by owner,–,8,"$8,888"
324.x,https://unstoppabledomains.com/d/324.x,For sale by owner,,8,"$5,000"
dux.x,https://unstoppabledomains.com/d/dux.x,For sale by owner,–,8,"$8,888"
xtreme.nft,https://unstoppabledomains.com/d/xtreme.nft,For sale by owner,–,8,"$3,888"
metaversecare.x,https://unstoppabledomains.com/d/metaversecare.x,For sale by owner,–,8,$888
1947.nft,https://unstoppabledomains.com/d/1947.nft,For sale by owner,,8,$800
mediaset.nft,https://unstoppabledomains.com/d/mediaset.nft,For sale by owner,–,8,"$47,000"
cefi.x,https://unstoppabledomains.com/d/cefi.x,For sale by owner,–,8,"$108,000"
coupon.x,https://unstoppabledomains.com/d/coupon.x,For sale by owner,,8,"$9,999"
destroyer.x,https://unstoppabledomains.com/d/destroyer.x,For sale by owner,,8,"$500,000"
freemasonry.x,https://unstoppabledomains.com/d/freemasonry.x,For sale by owner,–,8,"$4,700"
allah.nft,https://unstoppabledomains.com/d/allah.nft,For sale by owner,,8,"$33,000"
soundsuit.nft,https://unstoppabledomains.com/d/soundsuit.nft,For sale by owner,–,8,"$8,888"
mobilegames.x,https://unstoppabledomains.com/d/mobilegames.x,For sale by owner,–,8,$216
manifesto.x,https://unstoppabledomains.com/d/manifesto.x,For sale by owner,–,8,"$1,888"
teens.x,https://unstoppabledomains.com/d/teens.x,For sale by owner,,8,"$4,999"
neon.x,https://unstoppabledomains.com/d/neon.x,For sale by owner,,8,"$2,000"
skins.nft,https://unstoppabledomains.com/d/skins.nft,For sale by owner,,8,"$1,000,000"
banker.x,https://unstoppabledomains.com/d/banker.x,For sale by owner,–,8,"$378,000"
express.x,https://unstoppabledomains.com/d/express.x,For sale by owner,,8,"$9,999"
medicare.x,https://unstoppabledomains.com/d/medicare.x,For sale by owner,–,8,"$1,439,000"
xbet.x,https://unstoppabledomains.com/d/xbet.x,For sale by owner,–,8,"$200,000"
islam.x,https://unstoppabledomains.com/d/islam.x,For sale by owner,,8,"$80,000"
wang.x,https://unstoppabledomains.com/d/wang.x,For sale by owner,,8,"$150,000"
999.nft,https://unstoppabledomains.com/d/999.nft,For sale by owner,,8,"$2,999"
smith.x,https://unstoppabledomains.com/d/smith.x,For sale by owner,,8,"$150,000"
cats.nft,https://unstoppabledomains.com/d/cats.nft,For sale by owner,–,8,"$2,500"
leaderbet.crypto,https://unstoppabledomains.com/d/leaderbet.crypto,For sale by owner,–,8,"$8,888"
kickboxer.crypto,https://unstoppabledomains.com/d/kickboxer.crypto,For sale by owner,–,8,$888
xchange.x,https://unstoppabledomains.com/d/xchange.x,For sale by owner,–,7,"$20,000,000"
name-broker.com,https://unstoppabledomains.com/d/name-broker.com,For sale by owner,–,7,"$2,997"
smoke.x,https://unstoppabledomains.com/d/smoke.x,For sale by owner,+1,7,"$50,000"
fly.nft,https://unstoppabledomains.com/d/fly.nft,For sale by owner,+2,7,"$20,000"
hermes.wallet,https://unstoppabledomains.com/d/hermes.wallet,For sale by owner,–,7,$999
diy.x,https://unstoppabledomains.com/d/diy.x,For sale by owner,–,7,"$1,000,000"
888blockchain.x,https://unstoppabledomains.com/d/888blockchain.x,For sale by owner,–,7,"$88,888"
rafa.crypto,https://unstoppabledomains.com/d/rafa.crypto,For sale by owner,–,7,$719
earn247.x,https://unstoppabledomains.com/d/earn247.x,For sale by owner,–,7,$500
toei-anim.nft,https://unstoppabledomains.com/d/toei-anim.nft,For sale by owner,–,7,"$3,000,000"
0440.x,https://unstoppabledomains.com/d/0440.x,For sale by owner,,7,$300
720v.com,https://unstoppabledomains.com/d/720v.com,For sale by owner,–,7,"$7,888"
lrc.crypto,https://unstoppabledomains.com/d/lrc.crypto,For sale by owner,–,7,"$1,200"
skin.nft,https://unstoppabledomains.com/d/skin.nft,For sale by owner,+1,7,"$700,000"
futureonline.crypto,https://unstoppabledomains.com/d/futureonline.crypto,For sale by owner,–,7,"$2,500"
zkpschool.xyz,https://unstoppabledomains.com/d/zkpschool.xyz,For sale by owner,–,7,$888
zkotp.com,https://unstoppabledomains.com/d/zkotp.com,For sale by owner,–,7,"$2,888"
zkfido.com,https://unstoppabledomains.com/d/zkfido.com,For sale by owner,–,7,"$2,888"
zkssl.com,https://unstoppabledomains.com/d/zkssl.com,For sale by owner,–,7,"$2,888"
zkzon.com,https://unstoppabledomains.com/d/zkzon.com,For sale by owner,–,7,"$2,888"
zkmfa.com,https://unstoppabledomains.com/d/zkmfa.com,For sale by owner,–,7,"$2,888"
zkstats.com,https://unstoppabledomains.com/d/zkstats.com,For sale by owner,–,7,"$2,888"
zkpki.com,https://unstoppabledomains.com/d/zkpki.com,For sale by owner,–,7,"$2,888"
vrautolab.com,https://unstoppabledomains.com/d/vrautolab.com,For sale by owner,–,7,"$2,888"
xrseek.com,https://unstoppabledomains.com/d/xrseek.com,For sale by owner,–,7,"$1,888"
travelingvr.com,https://unstoppabledomains.com/d/travelingvr.com,For sale by owner,–,7,"$2,888"
stylistgpt.com,https://unstoppabledomains.com/d/stylistgpt.com,For sale by owner,–,7,"$2,888"
therapeuticvoice.com,https://unstoppabledomains.com/d/therapeuticvoice.com,For sale by owner,–,7,"$1,888"
token2go.com,https://unstoppabledomains.com/d/token2go.com,For sale by owner,–,7,"$1,888"
powertoronto.com,https://unstoppabledomains.com/d/powertoronto.com,For sale by owner,–,7,"$3,888"
pharmacistgpt.com,https://unstoppabledomains.com/d/pharmacistgpt.com,For sale by owner,–,7,"$2,888"
2009.crypto,https://unstoppabledomains.com/d/2009.crypto,For sale by owner,,7,"$5,000"
studiotoken.io,https://unstoppabledomains.com/d/studiotoken.io,For sale by owner,–,7,"$1,888"
tokenswapper.io,https://unstoppabledomains.com/d/tokenswapper.io,For sale by owner,–,7,"$1,888"
tokenconnect.io,https://unstoppabledomains.com/d/tokenconnect.io,For sale by owner,–,7,$888
realdid.org,https://unstoppabledomains.com/d/realdid.org,For sale by owner,–,7,"$2,888"
farming.nft,https://unstoppabledomains.com/d/farming.nft,For sale by owner,,7,"$5,000"
1984.nft,https://unstoppabledomains.com/d/1984.nft,For sale by owner,,7,"$100,000"
info.wallet,https://unstoppabledomains.com/d/info.wallet,For sale by owner,+1,7,"$22,900"
inherit.wallet,https://unstoppabledomains.com/d/inherit.wallet,For sale by owner,,7,$99
all.wallet,https://unstoppabledomains.com/d/all.wallet,For sale by owner,,7,$499
forget.crypto,https://unstoppabledomains.com/d/forget.crypto,For sale by owner,,7,$300
obey.x,https://unstoppabledomains.com/d/obey.x,For sale by owner,+1,7,$400
value.nft,https://unstoppabledomains.com/d/value.nft,For sale by owner,+2,7,"$1,000,000"
scout.x,https://unstoppabledomains.com/d/scout.x,For sale by owner,+1,7,"$3,499"
returns.crypto,https://unstoppabledomains.com/d/returns.crypto,For sale by owner,,7,"$1,200"
projects.wallet,https://unstoppabledomains.com/d/projects.wallet,For sale by owner,,7,"$3,888"
254.x,https://unstoppabledomains.com/d/254.x,For sale by owner,,7,"$3,300"
465.x,https://unstoppabledomains.com/d/465.x,For sale by owner,,7,"$5,000"
243.x,https://unstoppabledomains.com/d/243.x,For sale by owner,,7,"$5,000"
english.x,https://unstoppabledomains.com/d/english.x,For sale by owner,,7,"$9,000"
bikes.nft,https://unstoppabledomains.com/d/bikes.nft,For sale by owner,,7,$999
4224.x,https://unstoppabledomains.com/d/4224.x,For sale by owner,,7,$888
nuts.x,https://unstoppabledomains.com/d/nuts.x,For sale by owner,,7,"$10,000"
ton.x,https://unstoppabledomains.com/d/ton.x,For sale by owner,,7,"$100,000"
culture.x,https://unstoppabledomains.com/d/culture.x,For sale by owner,+1,7,"$1,000,000"
allah.wallet,https://unstoppabledomains.com/d/allah.wallet,For sale by owner,,7,"$55,000"
bulldog.x,https://unstoppabledomains.com/d/bulldog.x,For sale by owner,,7,"$30,000"
england.wallet,https://unstoppabledomains.com/d/england.wallet,For sale by owner,,7,"$5,000"
unlock.wallet,https://unstoppabledomains.com/d/unlock.wallet,For sale by owner,,7,"$2,500"
jewellery.x,https://unstoppabledomains.com/d/jewellery.x,For sale by owner,,7,"$9,999"
fishing.x,https://unstoppabledomains.com/d/fishing.x,For sale by owner,,7,"$300,000"
engineering.x,https://unstoppabledomains.com/d/engineering.x,For sale by owner,,6,$399
save.x,https://unstoppabledomains.com/d/save.x,For sale by owner,+1,6,"$50,000"
gift.nft,https://unstoppabledomains.com/d/gift.nft,For sale by owner,+1,6,"$20,000"
wong.x,https://unstoppabledomains.com/d/wong.x,For sale by owner,,6,"$20,000"
checked.nft,https://unstoppabledomains.com/d/checked.nft,For sale by owner,,6,"$1,999"
711.nft,https://unstoppabledomains.com/d/711.nft,For sale by owner,,6,$750
mrs.x,https://unstoppabledomains.com/d/mrs.x,For sale by owner,,6,"$5,000"
1551.x,https://unstoppabledomains.com/d/1551.x,For sale by owner,,6,$99
code.wallet,https://unstoppabledomains.com/d/code.wallet,For sale by owner,+2,6,"$24,900"
salt.wallet,https://unstoppabledomains.com/d/salt.wallet,For sale by owner,+1,6,$199
acquired.nft,https://unstoppabledomains.com/d/acquired.nft,For sale by owner,,6,$999
twin.x,https://unstoppabledomains.com/d/twin.x,For sale by owner,,6,$400
anti.x,https://unstoppabledomains.com/d/anti.x,For sale by owner,,6,$400
keeper.x,https://unstoppabledomains.com/d/keeper.x,For sale by owner,,6,$399
musician.wallet,https://unstoppabledomains.com/d/musician.wallet,For sale by owner,,6,$350
spain.x,https://unstoppabledomains.com/d/spain.x,For sale by owner,,6,"$4,900"
0190.nft,https://unstoppabledomains.com/d/0190.nft,For sale by owner,,6,$216
286.nft,https://unstoppabledomains.com/d/286.nft,For sale by owner,,6,$300
284.nft,https://unstoppabledomains.com/d/284.nft,For sale by owner,,6,$300
1415.nft,https://unstoppabledomains.com/d/1415.nft,For sale by owner,,6,$216
producer.x,https://unstoppabledomains.com/d/producer.x,For sale by owner,,6,"$1,200"
airline.x,https://unstoppabledomains.com/d/airline.x,For sale by owner,,6,"$1,450,000"
247.nft,https://unstoppabledomains.com/d/247.nft,For sale by owner,,6,$999
plumber.x,https://unstoppabledomains.com/d/plumber.x,For sale by owner,,6,"$5,000"
simulate.x,https://unstoppabledomains.com/d/simulate.x,For sale by owner,,6,"$150,000"
environment.x,https://unstoppabledomains.com/d/environment.x,For sale by owner,,6,"$9,999"
deed.nft,https://unstoppabledomains.com/d/deed.nft,For sale by owner,,6,"$750,000"
tsunami.x,https://unstoppabledomains.com/d/tsunami.x,For sale by owner,,6,"$3,699"
drug.wallet,https://unstoppabledomains.com/d/drug.wallet,For sale by owner,+1,6,$999
industry.x,https://unstoppabledomains.com/d/industry.x,For sale by owner,,6,"$9,500"
khan.x,https://unstoppabledomains.com/d/khan.x,For sale by owner,,6,"$150,000"
scam.x,https://unstoppabledomains.com/d/scam.x,For sale by owner,+1,6,"$1,000"
anton.x,https://unstoppabledomains.com/d/anton.x,For sale by owner,,6,"$1,000"
fake.wallet,https://unstoppabledomains.com/d/fake.wallet,For sale by owner,,6,"$4,400"
directory.x,https://unstoppabledomains.com/d/directory.x,For sale by owner,,6,$799
lend.wallet,https://unstoppabledomains.com/d/lend.wallet,For sale by owner,+1,6,"$2,999"
7707.crypto,https://unstoppabledomains.com/d/7707.crypto,For sale by owner,,6,$216
737.crypto,https://unstoppabledomains.com/d/737.crypto,For sale by owner,,6,"$1,200"
1331.x,https://unstoppabledomains.com/d/1331.x,For sale by owner,,5,$25
shell.wallet,https://unstoppabledomains.com/d/shell.wallet,For sale by owner,+2,5,"$1,999"
3030.x,https://unstoppabledomains.com/d/3030.x,For sale by owner,,5,$499
0988.nft,https://unstoppabledomains.com/d/0988.nft,For sale by owner,,5,$39
vibes.nft,https://unstoppabledomains.com/d/vibes.nft,For sale by owner,,5,"$4,999"
override.crypto,https://unstoppabledomains.com/d/override.crypto,For sale by owner,,5,"$4,999"
levitate.crypto,https://unstoppabledomains.com/d/levitate.crypto,For sale by owner,,5,"$9,999"
she.x,https://unstoppabledomains.com/d/she.x,For sale by owner,,5,"$1,500"
builder.x,https://unstoppabledomains.com/d/builder.x,For sale by owner,,5,$999
calorie.x,https://unstoppabledomains.com/d/calorie.x,For sale by owner,,5,$59
213.crypto,https://unstoppabledomains.com/d/213.crypto,For sale by owner,,5,$499
221.crypto,https://unstoppabledomains.com/d/221.crypto,For sale by owner,,5,$699
440.crypto,https://unstoppabledomains.com/d/440.crypto,For sale by owner,,5,"$1,000"
unite.x,https://unstoppabledomains.com/d/unite.x,For sale by owner,+1,5,"$24,900"
flex.wallet,https://unstoppabledomains.com/d/flex.wallet,For sale by owner,,5,"$14,900"
bind.crypto,https://unstoppabledomains.com/d/bind.crypto,For sale by owner,+1,5,"$7,500"
eagle.wallet,https://unstoppabledomains.com/d/eagle.wallet,For sale by owner,+1,5,"$24,900"
seed.wallet,https://unstoppabledomains.com/d/seed.wallet,For sale by owner,+1,5,"$175,000"
786.wallet,https://unstoppabledomains.com/d/786.wallet,For sale by owner,,5,"$500,000"
everyone.wallet,https://unstoppabledomains.com/d/everyone.wallet,For sale by owner,,5,$50
selected.nft,https://unstoppabledomains.com/d/selected.nft,For sale by owner,,5,$29
chopstick.x,https://unstoppabledomains.com/d/chopstick.x,For sale by owner,,5,$30
caffeine.wallet,https://unstoppabledomains.com/d/caffeine.wallet,For sale by owner,,5,$29
fort.x,https://unstoppabledomains.com/d/fort.x,For sale by owner,+1,5,$400
jaws.x,https://unstoppabledomains.com/d/jaws.x,For sale by owner,,5,$400
ella.x,https://unstoppabledomains.com/d/ella.x,For sale by owner,,5,"$10,000"
dead.x,https://unstoppabledomains.com/d/dead.x,For sale by owner,+1,5,"$10,000"
720.x,https://unstoppabledomains.com/d/720.x,For sale by owner,,5,"$1,000"
prefer.crypto,https://unstoppabledomains.com/d/prefer.crypto,For sale by owner,,5,$200
kin.x,https://unstoppabledomains.com/d/kin.x,For sale by owner,,5,"$1,499"
chitchat.nft,https://unstoppabledomains.com/d/chitchat.nft,For sale by owner,,5,$29
legal.x,https://unstoppabledomains.com/d/legal.x,For sale by owner,+1,5,"$20,000,000"
5613.x,https://unstoppabledomains.com/d/5613.x,For sale by owner,,5,"$2,160"
2023.nft,https://unstoppabledomains.com/d/2023.nft,For sale by owner,,5,$30
786.nft,https://unstoppabledomains.com/d/786.nft,For sale by owner,,5,"$2,500"
protection.x,https://unstoppabledomains.com/d/protection.x,For sale by owner,,5,"$394,000"
664.x,https://unstoppabledomains.com/d/664.x,For sale by owner,,5,$599
irish.x,https://unstoppabledomains.com/d/irish.x,For sale by owner,,5,"$100,000"
viva.nft,https://unstoppabledomains.com/d/viva.nft,For sale by owner,,5,$999
address.x,https://unstoppabledomains.com/d/address.x,For sale by owner,+1,5,"$100,000"
democrat.wallet,https://unstoppabledomains.com/d/democrat.wallet,For sale by owner,,5,"$6,788"
quran.x,https://unstoppabledomains.com/d/quran.x,For sale by owner,,5,"$7,500"
kitty.nft,https://unstoppabledomains.com/d/kitty.nft,For sale by owner,,5,"$1,999"
writer.x,https://unstoppabledomains.com/d/writer.x,For sale by owner,,5,"$1,000"
dominate.x,https://unstoppabledomains.com/d/dominate.x,For sale by owner,,5,"$1,000,000"
atelier.x,https://unstoppabledomains.com/d/atelier.x,For sale by owner,,5,"$250,000"
jack.nft,https://unstoppabledomains.com/d/jack.nft,For sale by owner,+1,5,"$1,000,000"
3232.crypto,https://unstoppabledomains.com/d/3232.crypto,For sale by owner,,5,$888
2727.crypto,https://unstoppabledomains.com/d/2727.crypto,For sale by owner,,5,$888
596.crypto,https://unstoppabledomains.com/d/596.crypto,For sale by owner,,5,$250
366.crypto,https://unstoppabledomains.com/d/366.crypto,For sale by owner,,5,"$1,200"
6120.x,https://unstoppabledomains.com/d/6120.x,For sale by owner,,4,$99
introvert.x,https://unstoppabledomains.com/d/introvert.x,For sale by owner,,4,$199
thank.crypto,https://unstoppabledomains.com/d/thank.crypto,For sale by owner,+1,4,"$500,000"
scan.nft,https://unstoppabledomains.com/d/scan.nft,For sale by owner,+1,4,"$50,000"
scan.x,https://unstoppabledomains.com/d/scan.x,For sale by owner,+1,4,"$50,000"
venus.x,https://unstoppabledomains.com/d/venus.x,For sale by owner,,4,"$7,500"
attempt.x,https://unstoppabledomains.com/d/attempt.x,For sale by owner,+1,4,"$1,999"
911.nft,https://unstoppabledomains.com/d/911.nft,For sale by owner,,4,$999
tron.wallet,https://unstoppabledomains.com/d/tron.wallet,For sale by owner,,4,"$100,000"
00069.nft,https://unstoppabledomains.com/d/00069.nft,For sale by owner,,4,$169
gods.nft,https://unstoppabledomains.com/d/gods.nft,For sale by owner,,4,"$7,999"
creativity.nft,https://unstoppabledomains.com/d/creativity.nft,For sale by owner,,4,"$3,999"
proud.x,https://unstoppabledomains.com/d/proud.x,For sale by owner,,4,$350
1616.x,https://unstoppabledomains.com/d/1616.x,For sale by owner,,4,$99
226.nft,https://unstoppabledomains.com/d/226.nft,For sale by owner,,4,$89
334.nft,https://unstoppabledomains.com/d/334.nft,For sale by owner,,4,$79
419.crypto,https://unstoppabledomains.com/d/419.crypto,For sale by owner,,4,"$4,190"
644.crypto,https://unstoppabledomains.com/d/644.crypto,For sale by owner,,4,$900
flex.nft,https://unstoppabledomains.com/d/flex.nft,For sale by owner,,4,"$14,900"
creed.x,https://unstoppabledomains.com/d/creed.x,For sale by owner,,4,"$5,000,000"
6100.crypto,https://unstoppabledomains.com/d/6100.crypto,For sale by owner,,4,$75
secondary.wallet,https://unstoppabledomains.com/d/secondary.wallet,For sale by owner,,4,$99
kamikaze.wallet,https://unstoppabledomains.com/d/kamikaze.wallet,For sale by owner,,4,$99
brainwash.crypto,https://unstoppabledomains.com/d/brainwash.crypto,For sale by owner,,4,$99
eyewitness.crypto,https://unstoppabledomains.com/d/eyewitness.crypto,For sale by owner,,4,$50
1600.x,https://unstoppabledomains.com/d/1600.x,For sale by owner,,4,$50
wong.wallet,https://unstoppabledomains.com/d/wong.wallet,For sale by owner,,4,"$7,500"
careful.crypto,https://unstoppabledomains.com/d/careful.crypto,For sale by owner,,4,$80
recall.crypto,https://unstoppabledomains.com/d/recall.crypto,For sale by owner,+1,4,$200
regiment.x,https://unstoppabledomains.com/d/regiment.x,For sale by owner,,4,$40
tide.x,https://unstoppabledomains.com/d/tide.x,For sale by owner,+1,4,$400
spam.x,https://unstoppabledomains.com/d/spam.x,For sale by owner,,4,"$5,000"
gods.x,https://unstoppabledomains.com/d/gods.x,For sale by owner,,4,$400
bard.x,https://unstoppabledomains.com/d/bard.x,For sale by owner,,4,"$5,000"
acme.x,https://unstoppabledomains.com/d/acme.x,For sale by owner,,4,$400
565.x,https://unstoppabledomains.com/d/565.x,For sale by owner,,4,"$2,000"
prophet.wallet,https://unstoppabledomains.com/d/prophet.wallet,For sale by owner,,4,"$100,000"
passive.crypto,https://unstoppabledomains.com/d/passive.crypto,For sale by owner,,4,"$2,600,000"
follower.crypto,https://unstoppabledomains.com/d/follower.crypto,For sale by owner,,4,$250
socialist.nft,https://unstoppabledomains.com/d/socialist.nft,For sale by owner,,4,"$1,000"
1000.unstoppable,https://unstoppabledomains.com/d/1000.unstoppable,For sale by owner,,4,$150
03030.x,https://unstoppabledomains.com/d/03030.x,For sale by owner,,4,$216
00997.nft,https://unstoppabledomains.com/d/00997.nft,For sale by owner,,4,$100
00993.nft,https://unstoppabledomains.com/d/00993.nft,For sale by owner,,4,$100
551.nft,https://unstoppabledomains.com/d/551.nft,For sale by owner,,4,$150
127.x,https://unstoppabledomains.com/d/127.x,For sale by owner,,4,"$3,333"
eros.x,https://unstoppabledomains.com/d/eros.x,For sale by owner,,4,"$2,900"
petrol.x,https://unstoppabledomains.com/d/petrol.x,For sale by owner,,4,"$2,000"
pension.x,https://unstoppabledomains.com/d/pension.x,For sale by owner,,4,"$1,693,000"
reservation.x,https://unstoppabledomains.com/d/reservation.x,For sale by owner,,4,"$4,999"
collaboration.x,https://unstoppabledomains.com/d/collaboration.x,For sale by owner,,4,"$250,000"
sightseeing.x,https://unstoppabledomains.com/d/sightseeing.x,For sale by owner,,4,"$25,000"
basel.x,https://unstoppabledomains.com/d/basel.x,For sale by owner,,4,"$10,000,000"
transport.x,https://unstoppabledomains.com/d/transport.x,For sale by owner,+1,4,"$981,000"
never.x,https://unstoppabledomains.com/d/never.x,For sale by owner,,4,"$4,999"
boom.x,https://unstoppabledomains.com/d/boom.x,For sale by owner,+1,4,"$10,000"
certification.nft,https://unstoppabledomains.com/d/certification.nft,For sale by owner,,4,"$1,000,000"
sushi.nft,https://unstoppabledomains.com/d/sushi.nft,For sale by owner,,4,"$3,999"
12345.wallet,https://unstoppabledomains.com/d/12345.wallet,For sale by owner,,4,"$1,999"
this.wallet,https://unstoppabledomains.com/d/this.wallet,For sale by owner,,4,"$2,500"
own.wallet,https://unstoppabledomains.com/d/own.wallet,For sale by owner,+1,4,"$9,999"
977.crypto,https://unstoppabledomains.com/d/977.crypto,For sale by owner,,4,$888
contributor.crypto,https://unstoppabledomains.com/d/contributor.crypto,For sale by owner,,4,$600
244.crypto,https://unstoppabledomains.com/d/244.crypto,For sale by owner,,4,$888
2255.crypto,https://unstoppabledomains.com/d/2255.crypto,For sale by owner,,4,$888
path.x,https://unstoppabledomains.com/d/path.x,For sale by owner,+1,3,"$8,000"
2201.x,https://unstoppabledomains.com/d/2201.x,For sale by owner,,3,$99
1812.x,https://unstoppabledomains.com/d/1812.x,For sale by owner,,3,$99
1255.x,https://unstoppabledomains.com/d/1255.x,For sale by owner,,3,$99
1137.x,https://unstoppabledomains.com/d/1137.x,For sale by owner,,3,$99
1014.x,https://unstoppabledomains.com/d/1014.x,For sale by owner,,3,$99
ton.wallet,https://unstoppabledomains.com/d/ton.wallet,For sale by owner,,3,"$10,000"
postbox.x,https://unstoppabledomains.com/d/postbox.x,For sale by owner,,3,$69
faithful.x,https://unstoppabledomains.com/d/faithful.x,For sale by owner,,3,$199
marksman.x,https://unstoppabledomains.com/d/marksman.x,For sale by owner,,3,$199
secondary.x,https://unstoppabledomains.com/d/secondary.x,For sale by owner,,3,$99
10201.x,https://unstoppabledomains.com/d/10201.x,For sale by owner,,3,$30
khan.wallet,https://unstoppabledomains.com/d/khan.wallet,For sale by owner,,3,"$25,000"
50005.x,https://unstoppabledomains.com/d/50005.x,For sale by owner,,3,$6
lima.nft,https://unstoppabledomains.com/d/lima.nft,For sale by owner,,3,"$50,000"
lima.x,https://unstoppabledomains.com/d/lima.x,For sale by owner,,3,"$50,000"
tugboat.crypto,https://unstoppabledomains.com/d/tugboat.crypto,For sale by owner,,3,"$19,999"
pagoda.crypto,https://unstoppabledomains.com/d/pagoda.crypto,For sale by owner,,3,"$20,000"
234.nft,https://unstoppabledomains.com/d/234.nft,For sale by owner,,3,$499
321.nft,https://unstoppabledomains.com/d/321.nft,For sale by owner,,3,$999
sol.nft,https://unstoppabledomains.com/d/sol.nft,For sale by owner,,3,"$500,000"
classify.crypto,https://unstoppabledomains.com/d/classify.crypto,For sale by owner,,3,"$9,999"
buried.x,https://unstoppabledomains.com/d/buried.x,For sale by owner,,3,$99
2244.x,https://unstoppabledomains.com/d/2244.x,For sale by owner,,3,$79
11114.x,https://unstoppabledomains.com/d/11114.x,For sale by owner,,3,$25
109.x,https://unstoppabledomains.com/d/109.x,For sale by owner,,3,"$10,000,000"
250.nft,https://unstoppabledomains.com/d/250.nft,For sale by owner,,3,$150
114.nft,https://unstoppabledomains.com/d/114.nft,For sale by owner,,3,$79
466.crypto,https://unstoppabledomains.com/d/466.crypto,For sale by owner,,3,$799
556.crypto,https://unstoppabledomains.com/d/556.crypto,For sale by owner,,3,$799
identification.x,https://unstoppabledomains.com/d/identification.x,For sale by owner,,3,"$9,999"
emir.x,https://unstoppabledomains.com/d/emir.x,For sale by owner,,3,"$3,000,000"
sunni.x,https://unstoppabledomains.com/d/sunni.x,For sale by owner,,3,"$3,000,000"
information.wallet,https://unstoppabledomains.com/d/information.wallet,For sale by owner,,3,"$14,900"
bound.crypto,https://unstoppabledomains.com/d/bound.crypto,For sale by owner,+1,3,"$4,900"
creed.wallet,https://unstoppabledomains.com/d/creed.wallet,For sale by owner,,3,"$4,000,000"
creed.nft,https://unstoppabledomains.com/d/creed.nft,For sale by owner,,3,"$4,000,000"
cannibal.wallet,https://unstoppabledomains.com/d/cannibal.wallet,For sale by owner,,3,$29
quicksand.wallet,https://unstoppabledomains.com/d/quicksand.wallet,For sale by owner,,3,$30
enjoy.x,https://unstoppabledomains.com/d/enjoy.x,For sale by owner,+1,3,"$5,000"
80085.nft,https://unstoppabledomains.com/d/80085.nft,For sale by owner,,3,$10
subsidiary.x,https://unstoppabledomains.com/d/subsidiary.x,For sale by owner,,3,$40
battalion.x,https://unstoppabledomains.com/d/battalion.x,For sale by owner,,3,$40
toll.x,https://unstoppabledomains.com/d/toll.x,For sale by owner,+1,3,$400
prey.x,https://unstoppabledomains.com/d/prey.x,For sale by owner,+1,3,$400
pig.x,https://unstoppabledomains.com/d/pig.x,For sale by owner,+1,3,"$1,000"
lore.x,https://unstoppabledomains.com/d/lore.x,For sale by owner,,3,$400
hunk.x,https://unstoppabledomains.com/d/hunk.x,For sale by owner,,3,$400
fist.x,https://unstoppabledomains.com/d/fist.x,For sale by owner,,3,$400
emitter.x,https://unstoppabledomains.com/d/emitter.x,For sale by owner,,3,$20
careful.x,https://unstoppabledomains.com/d/careful.x,For sale by owner,,3,$20
stiletto.wallet,https://unstoppabledomains.com/d/stiletto.wallet,For sale by owner,,3,$10
757.x,https://unstoppabledomains.com/d/757.x,For sale by owner,,3,"$2,000"
929.x,https://unstoppabledomains.com/d/929.x,For sale by owner,,3,"$2,000"
797.x,https://unstoppabledomains.com/d/797.x,For sale by owner,,3,"$2,000"
890.x,https://unstoppabledomains.com/d/890.x,For sale by owner,,3,"$1,000"
325.x,https://unstoppabledomains.com/d/325.x,For sale by owner,,3,"$1,000"
berry.x,https://unstoppabledomains.com/d/berry.x,For sale by owner,+1,3,"$1,499"
osman.x,https://unstoppabledomains.com/d/osman.x,For sale by owner,,3,"$2,499"
hazelnut.crypto,https://unstoppabledomains.com/d/hazelnut.crypto,For sale by owner,,3,$50
worshiper.x,https://unstoppabledomains.com/d/worshiper.x,For sale by owner,,3,$99
node.nft,https://unstoppabledomains.com/d/node.nft,For sale by owner,,3,"$25,000"
communist.nft,https://unstoppabledomains.com/d/communist.nft,For sale by owner,,3,"$2,000"
attorney.x,https://unstoppabledomains.com/d/attorney.x,For sale by owner,,3,"$20,000,000"
shoot.x,https://unstoppabledomains.com/d/shoot.x,For sale by owner,+2,3,"$1,500"
mantle.nft,https://unstoppabledomains.com/d/mantle.nft,For sale by owner,,3,"$4,999"
persimmon.wallet,https://unstoppabledomains.com/d/persimmon.wallet,For sale by owner,,3,"$1,693"
1999.unstoppable,https://unstoppabledomains.com/d/1999.unstoppable,For sale by owner,,3,$99
4756.x,https://unstoppabledomains.com/d/4756.x,For sale by owner,,3,$888
0033.wallet,https://unstoppabledomains.com/d/0033.wallet,For sale by owner,,3,"$100,000"
0011.x,https://unstoppabledomains.com/d/0011.x,For sale by owner,,3,"$1,111"
287.nft,https://unstoppabledomains.com/d/287.nft,For sale by owner,,3,$300
980.nft,https://unstoppabledomains.com/d/980.nft,For sale by owner,,3,$99
478.x,https://unstoppabledomains.com/d/478.x,For sale by owner,,3,$650
303.wallet,https://unstoppabledomains.com/d/303.wallet,For sale by owner,,3,"$4,000"
3000.x,https://unstoppabledomains.com/d/3000.x,For sale by owner,,3,"$1,500"
554.nft,https://unstoppabledomains.com/d/554.nft,For sale by owner,,3,$79
108.wallet,https://unstoppabledomains.com/d/108.wallet,For sale by owner,,3,$450
wen.nft,https://unstoppabledomains.com/d/wen.nft,For sale by owner,,3,"$8,000"
prophet.nft,https://unstoppabledomains.com/d/prophet.nft,For sale by owner,,3,"$150,000"
extra.nft,https://unstoppabledomains.com/d/extra.nft,For sale by owner,,3,"$90,000"
basel.wallet,https://unstoppabledomains.com/d/basel.wallet,For sale by owner,,3,"$10,000,000"
lounge.x,https://unstoppabledomains.com/d/lounge.x,For sale by owner,,3,"$1,173,000"
cowboy.nft,https://unstoppabledomains.com/d/cowboy.nft,For sale by owner,,3,"$1,000"
gender.nft,https://unstoppabledomains.com/d/gender.nft,For sale by owner,,3,"$150,000"
entrance.nft,https://unstoppabledomains.com/d/entrance.nft,For sale by owner,+1,3,$900
transportation.x,https://unstoppabledomains.com/d/transportation.x,For sale by owner,,3,"$588,000"
spock.x,https://unstoppabledomains.com/d/spock.x,For sale by owner,,3,"$2,000"
2023.x,https://unstoppabledomains.com/d/2023.x,For sale by owner,,3,"$7,500"
loft.x,https://unstoppabledomains.com/d/loft.x,For sale by owner,+1,3,"$1,182,000"
programmer.x,https://unstoppabledomains.com/d/programmer.x,For sale by owner,,3,"$1,200"
skyrocket.wallet,https://unstoppabledomains.com/d/skyrocket.wallet,For sale by owner,,3,"$250,000"
controller.x,https://unstoppabledomains.com/d/controller.x,For sale by owner,,3,"$1,000,000"
hostel.x,https://unstoppabledomains.com/d/hostel.x,For sale by owner,,3,"$2,100,000"
281.nft,https://unstoppabledomains.com/d/281.nft,For sale by owner,,3,$300
illustration.nft,https://unstoppabledomains.com/d/illustration.nft,For sale by owner,,3,"$115,000"
licks.x,https://unstoppabledomains.com/d/licks.x,For sale by owner,,3,$699
pianist.x,https://unstoppabledomains.com/d/pianist.x,For sale by owner,,3,"$19,999"
chen.x,https://unstoppabledomains.com/d/chen.x,For sale by owner,,3,"$150,000"
otto.x,https://unstoppabledomains.com/d/otto.x,For sale by owner,,3,"$2,500"
reset.x,https://unstoppabledomains.com/d/reset.x,For sale by owner,+1,3,"$2,000,000"
avocado.wallet,https://unstoppabledomains.com/d/avocado.wallet,For sale by owner,,3,"$3,000"
pub.x,https://unstoppabledomains.com/d/pub.x,For sale by owner,,3,"$5,000"
invite.x,https://unstoppabledomains.com/d/invite.x,For sale by owner,+1,3,"$20,000"
battery.nft,https://unstoppabledomains.com/d/battery.nft,For sale by owner,,3,"$5,000"
trend.x,https://unstoppabledomains.com/d/trend.x,For sale by owner,+1,3,"$1,000,000"
this.nft,https://unstoppabledomains.com/d/this.nft,For sale by owner,,3,"$2,500"
this.x,https://unstoppabledomains.com/d/this.x,For sale by owner,,3,"$2,500"
bite.x,https://unstoppabledomains.com/d/bite.x,For sale by owner,+2,3,"$5,000"
12345.x,https://unstoppabledomains.com/d/12345.x,For sale by owner,,3,"$2,999"
972.crypto,https://unstoppabledomains.com/d/972.crypto,For sale by owner,,3,"$2,000"
margo.crypto,https://unstoppabledomains.com/d/margo.crypto,For sale by owner,,3,"$675,000"
grok.crypto,https://unstoppabledomains.com/d/grok.crypto,For sale by owner,,3,"$9,000"
centralize.crypto,https://unstoppabledomains.com/d/centralize.crypto,For sale by owner,,3,"$1,999"
449.crypto,https://unstoppabledomains.com/d/449.crypto,For sale by owner,,3,$400
citizenship.crypto,https://unstoppabledomains.com/d/citizenship.crypto,For sale by owner,,3,"$2,500"
owe.crypto,https://unstoppabledomains.com/d/owe.crypto,For sale by owner,+1,3,"$65,000"
1908.x,https://unstoppabledomains.com/d/1908.x,For sale by owner,,2,$99
9661.x,https://unstoppabledomains.com/d/9661.x,For sale by owner,,2,$99
9556.x,https://unstoppabledomains.com/d/9556.x,For sale by owner,,2,$99
9212.x,https://unstoppabledomains.com/d/9212.x,For sale by owner,,2,$99
9098.x,https://unstoppabledomains.com/d/9098.x,For sale by owner,,2,$99
8776.x,https://unstoppabledomains.com/d/8776.x,For sale by owner,,2,$99
8775.x,https://unstoppabledomains.com/d/8775.x,For sale by owner,,2,$99
6898.x,https://unstoppabledomains.com/d/6898.x,For sale by owner,,2,$99
2336.x,https://unstoppabledomains.com/d/2336.x,For sale by owner,,2,$99
1883.x,https://unstoppabledomains.com/d/1883.x,For sale by owner,,2,$99
1927.x,https://unstoppabledomains.com/d/1927.x,For sale by owner,,2,$99
1559.x,https://unstoppabledomains.com/d/1559.x,For sale by owner,,2,$99
1466.x,https://unstoppabledomains.com/d/1466.x,For sale by owner,,2,$99
1446.x,https://unstoppabledomains.com/d/1446.x,For sale by owner,,2,$99
1169.x,https://unstoppabledomains.com/d/1169.x,For sale by owner,,2,$99
fahrenheit.x,https://unstoppabledomains.com/d/fahrenheit.x,For sale by owner,,2,$399
ginseng.x,https://unstoppabledomains.com/d/ginseng.x,For sale by owner,,2,$99
folklore.x,https://unstoppabledomains.com/d/folklore.x,For sale by owner,,2,$99
piracy.x,https://unstoppabledomains.com/d/piracy.x,For sale by owner,,2,$399
observatory.x,https://unstoppabledomains.com/d/observatory.x,For sale by owner,,2,$99
spaghetti.x,https://unstoppabledomains.com/d/spaghetti.x,For sale by owner,,2,$199
14341.x,https://unstoppabledomains.com/d/14341.x,For sale by owner,,2,$30
0018.unstoppable,https://unstoppabledomains.com/d/0018.unstoppable,For sale by owner,,2,$900
191.x,https://unstoppabledomains.com/d/191.x,For sale by owner,,2,"$20,000"
dior.wallet,https://unstoppabledomains.com/d/dior.wallet,For sale by owner,,2,$999
infrastructure.x,https://unstoppabledomains.com/d/infrastructure.x,For sale by owner,,2,"$65,000"
workforce.unstoppable,https://unstoppabledomains.com/d/workforce.unstoppable,For sale by owner,,2,"$1,000,000"
4044.crypto,https://unstoppabledomains.com/d/4044.crypto,For sale by owner,,2,$999
session.wallet,https://unstoppabledomains.com/d/session.wallet,For sale by owner,,2,$999
prepay.wallet,https://unstoppabledomains.com/d/prepay.wallet,For sale by owner,,2,"$5,000"
prepay.nft,https://unstoppabledomains.com/d/prepay.nft,For sale by owner,,2,$150
543.nft,https://unstoppabledomains.com/d/543.nft,For sale by owner,,2,$399
0202.x,https://unstoppabledomains.com/d/0202.x,For sale by owner,,2,$300
44444.nft,https://unstoppabledomains.com/d/44444.nft,For sale by owner,,2,$499
9000.nft,https://unstoppabledomains.com/d/9000.nft,For sale by owner,,2,$499
919.nft,https://unstoppabledomains.com/d/919.nft,For sale by owner,,2,$499
800.nft,https://unstoppabledomains.com/d/800.nft,For sale by owner,,2,$999
0015.nft,https://unstoppabledomains.com/d/0015.nft,For sale by owner,,2,$169
risen.x,https://unstoppabledomains.com/d/risen.x,For sale by owner,,2,"$3,999"
buy.unstoppable,https://unstoppabledomains.com/d/buy.unstoppable,For sale by owner,+2,2,$999
sea.unstoppable,https://unstoppabledomains.com/d/sea.unstoppable,For sale by owner,,2,"$2,000,000"
percentage.x,https://unstoppabledomains.com/d/percentage.x,For sale by owner,,2,$90
32123.crypto,https://unstoppabledomains.com/d/32123.crypto,For sale by owner,,2,"$64,000"
8686.wallet,https://unstoppabledomains.com/d/8686.wallet,For sale by owner,,2,$12
6565.wallet,https://unstoppabledomains.com/d/6565.wallet,For sale by owner,,2,$12
1966.nft,https://unstoppabledomains.com/d/1966.nft,For sale by owner,,2,$500
499.nft,https://unstoppabledomains.com/d/499.nft,For sale by owner,,2,$150
995.crypto,https://unstoppabledomains.com/d/995.crypto,For sale by owner,,2,$799
kebab.x,https://unstoppabledomains.com/d/kebab.x,For sale by owner,,2,"$1,000,000"
identify.x,https://unstoppabledomains.com/d/identify.x,For sale by owner,,2,"$29,999"
inherit.nft,https://unstoppabledomains.com/d/inherit.nft,For sale by owner,,2,"$15,000"
lite.nft,https://unstoppabledomains.com/d/lite.nft,For sale by owner,,2,"$24,900"
buzz.nft,https://unstoppabledomains.com/d/buzz.nft,For sale by owner,+1,2,"$24,900"
arm.nft,https://unstoppabledomains.com/d/arm.nft,For sale by owner,+2,2,"$10,000,000"
